年度,醫事機構代碼,醫事機構名稱,特約類別,分母病人入院日起6個月內期間接受心臟復健人次數_含跨院住院及門診,18歲以上因急性心肌梗塞AMI入院治療的出院人次數,急性心肌梗塞病人接受心臟復健之比率,申報醫師數,病患平均年齡,病患重大傷病人數,病患重大傷病比率,縣市別,鄉鎮別
2022年上半年度,0101090517,臺北市立聯合醫院,區域醫院,0.0000,15.0000,0.0000,8,57.8000,2,0.1333,63000,63000060
2022年全年度,0101090517,臺北市立聯合醫院,區域醫院,0.0000,28.0000,0.0000,12,63.1429,3,0.1071,63000,63000060
2022年下半年度,0101090517,臺北市立聯合醫院,區域醫院,0.0000,13.0000,0.0000,9,69.3077,1,0.0769,63000,63000060
2023年上半年度,0101090517,臺北市立聯合醫院,區域醫院,3.0000,21.0000,0.1429,10,68.3333,4,0.1905,63000,63000060
2022年全年度,0102020011,高雄市立聯合醫院,區域醫院,0.0000,5.0000,0.0000,2,62.5000,0,0.0000,64000,64000020
2022年全年度,0102020011,高雄市立聯合醫院,區域醫院,0.0000,5.0000,0.0000,2,62.5000,0,0.0000,64000,64000020
2022年下半年度,0102020011,高雄市立聯合醫院,區域醫院,0.0000,5.0000,0.0000,2,62.5000,0,0.0000,64000,64000020
2022年下半年度,0102020011,高雄市立聯合醫院,區域醫院,0.0000,5.0000,0.0000,2,62.5000,0,0.0000,64000,64000020
2023年上半年度,0102020011,高雄市立聯合醫院,區域醫院,0.0000,2.0000,0.0000,2,63.5000,1,0.5000,64000,64000020
2023年上半年度,0102020011,高雄市立聯合醫院,區域醫院,0.0000,2.0000,0.0000,2,63.5000,1,0.5000,64000,64000020
2022年上半年度,0102070020,高雄市立大同醫院（委託財團法人私立高雄醫學大學經營),區域醫院,0.0000,3.0000,0.0000,2,77.3333,1,0.3333,64000,64000070
2022年上半年度,0102070020,高雄市立大同醫院（委託財團法人私立高雄醫學大學經營),區域醫院,0.0000,3.0000,0.0000,2,77.3333,1,0.3333,64000,64000070
2022年全年度,0102070020,高雄市立大同醫院（委託財團法人私立高雄醫學大學經營),區域醫院,0.0000,8.0000,0.0000,6,63.5000,1,0.1250,64000,64000070
2022年全年度,0102070020,高雄市立大同醫院（委託財團法人私立高雄醫學大學經營),區域醫院,0.0000,8.0000,0.0000,6,63.5000,1,0.1250,64000,64000070
2022年下半年度,0102070020,高雄市立大同醫院（委託財團法人私立高雄醫學大學經營),區域醫院,0.0000,5.0000,0.0000,5,55.2000,0,0.0000,64000,64000070
2022年下半年度,0102070020,高雄市立大同醫院（委託財團法人私立高雄醫學大學經營),區域醫院,0.0000,5.0000,0.0000,5,55.2000,0,0.0000,64000,64000070
2023年上半年度,0102070020,高雄市立大同醫院（委託財團法人私立高雄醫學大學經營),區域醫院,1.0000,13.0000,0.0769,6,57.0000,1,0.0769,64000,64000070
2023年上半年度,0102070020,高雄市立大同醫院（委託財團法人私立高雄醫學大學經營),區域醫院,1.0000,13.0000,0.0769,6,57.0000,1,0.0769,64000,64000070
2022年上半年度,0102080017,高雄市立民生醫院,地區醫院,0.0000,5.0000,0.0000,1,64.8000,1,0.2000,64000,64000080
2022年上半年度,0102080017,高雄市立民生醫院,地區醫院,0.0000,5.0000,0.0000,1,64.8000,1,0.2000,64000,64000080
2022年全年度,0102080017,高雄市立民生醫院,地區醫院,1.0000,8.0000,0.1250,1,60.2500,2,0.2500,64000,64000080
2022年全年度,0102080017,高雄市立民生醫院,地區醫院,1.0000,8.0000,0.1250,1,60.2500,2,0.2500,64000,64000080
2022年下半年度,0102080017,高雄市立民生醫院,地區醫院,1.0000,3.0000,0.3333,1,52.6667,1,0.3333,64000,64000080
2022年下半年度,0102080017,高雄市立民生醫院,地區醫院,1.0000,3.0000,0.3333,1,52.6667,1,0.3333,64000,64000080
2023年上半年度,0102080017,高雄市立民生醫院,地區醫院,1.0000,8.0000,0.1250,3,67.1250,3,0.3750,64000,64000080
2023年上半年度,0102080017,高雄市立民生醫院,地區醫院,1.0000,8.0000,0.1250,3,67.1250,3,0.3750,64000,64000080
2022年上半年度,0111070010,衛生福利部基隆醫院,區域醫院,0.0000,16.0000,0.0000,3,61.5000,2,0.1250,10017,10017070
2022年全年度,0111070010,衛生福利部基隆醫院,區域醫院,1.0000,30.0000,0.0333,3,60.0000,4,0.1333,10017,10017070
2022年下半年度,0111070010,衛生福利部基隆醫院,區域醫院,1.0000,14.0000,0.0714,3,58.2857,2,0.1429,10017,10017070
2023年上半年度,0111070010,衛生福利部基隆醫院,區域醫院,3.0000,12.0000,0.2500,3,64.5000,2,0.1667,10017,10017070
2022年上半年度,0117030010,衛生福利部臺中醫院,區域醫院,0.0000,5.0000,0.0000,2,67.6000,1,0.2000,66000,10019040
2022年上半年度,0117030010,衛生福利部臺中醫院,區域醫院,0.0000,5.0000,0.0000,2,67.6000,1,0.2000,66000,10019040
2022年全年度,0117030010,衛生福利部臺中醫院,區域醫院,0.0000,17.0000,0.0000,2,64.2500,4,0.2500,66000,10019040
2022年全年度,0117030010,衛生福利部臺中醫院,區域醫院,0.0000,17.0000,0.0000,2,64.2500,4,0.2500,66000,10019040
2022年下半年度,0117030010,衛生福利部臺中醫院,區域醫院,0.0000,12.0000,0.0000,2,62.7273,3,0.2727,66000,10019040
2022年下半年度,0117030010,衛生福利部臺中醫院,區域醫院,0.0000,12.0000,0.0000,2,62.7273,3,0.2727,66000,10019040
2023年上半年度,0117030010,衛生福利部臺中醫院,區域醫院,0.0000,8.0000,0.0000,2,61.7500,0,0.0000,66000,10019040
2023年上半年度,0117030010,衛生福利部臺中醫院,區域醫院,0.0000,8.0000,0.0000,2,61.7500,0,0.0000,66000,10019040
2022年上半年度,0122020517,衛生福利部嘉義醫院,地區醫院,0.0000,1.0000,0.0000,1,40.0000,0,0.0000,10020,10020020
2022年全年度,0122020517,衛生福利部嘉義醫院,地區醫院,1.0000,6.0000,0.1667,2,69.4000,1,0.2000,10020,10020020
2022年下半年度,0122020517,衛生福利部嘉義醫院,地區醫院,1.0000,5.0000,0.2000,2,76.7500,1,0.2500,10020,10020020
2023年上半年度,0122020517,衛生福利部嘉義醫院,地區醫院,0.0000,1.0000,0.0000,1,59.0000,0,0.0000,10020,10020020
2022年上半年度,0131020016,新北市立聯合醫院,區域醫院,0.0000,5.0000,0.0000,3,55.2000,0,0.0000,65000,65000020
2022年全年度,0131020016,新北市立聯合醫院,區域醫院,2.0000,30.0000,0.0667,6,55.2667,2,0.0667,65000,65000020
2022年下半年度,0131020016,新北市立聯合醫院,區域醫院,2.0000,25.0000,0.0800,6,55.2800,2,0.0800,65000,65000020
2023年上半年度,0131020016,新北市立聯合醫院,區域醫院,2.0000,18.0000,0.1111,4,62.6667,0,0.0000,65000,65000020
2022年上半年度,0131060029,衛生福利部臺北醫院,區域醫院,1.0000,9.0000,0.1111,3,56.8889,1,0.1111,65000,65000050
2022年全年度,0131060029,衛生福利部臺北醫院,區域醫院,6.0000,24.0000,0.2500,4,56.0417,2,0.0833,65000,65000050
2022年下半年度,0131060029,衛生福利部臺北醫院,區域醫院,5.0000,15.0000,0.3333,4,55.5333,1,0.0667,65000,65000050
2023年上半年度,0131060029,衛生福利部臺北醫院,區域醫院,18.0000,26.0000,0.6923,6,63.6923,2,0.0769,65000,65000050
2022年上半年度,0132010014,衛生福利部桃園醫院,區域醫院,27.0000,36.0000,0.7500,9,61.9714,5,0.1429,68000,68000010
2022年全年度,0132010014,衛生福利部桃園醫院,區域醫院,64.0000,83.0000,0.7711,11,62.6420,14,0.1728,68000,68000010
2022年下半年度,0132010014,衛生福利部桃園醫院,區域醫院,37.0000,47.0000,0.7872,8,62.9787,10,0.2128,68000,68000010
2023年上半年度,0132010014,衛生福利部桃園醫院,區域醫院,27.0000,34.0000,0.7941,7,59.6176,1,0.0294,68000,68000010
2022年上半年度,0135010016,衛生福利部苗栗醫院,區域醫院,0.0000,19.0000,0.0000,2,69.0526,0,0.0000,10005,10005010
2022年全年度,0135010016,衛生福利部苗栗醫院,區域醫院,7.0000,31.0000,0.2258,2,66.8065,2,0.0645,10005,10005010
2022年下半年度,0135010016,衛生福利部苗栗醫院,區域醫院,7.0000,12.0000,0.5833,2,63.2500,2,0.1667,10005,10005010
2023年上半年度,0135010016,衛生福利部苗栗醫院,區域醫院,2.0000,12.0000,0.1667,3,68.2500,1,0.0833,10005,10005010
2022年上半年度,0136010010,衛生福利部豐原醫院,區域醫院,3.0000,25.0000,0.1200,4,64.3600,3,0.1200,66000,66000090
2022年上半年度,0136010010,衛生福利部豐原醫院,區域醫院,3.0000,25.0000,0.1200,4,64.3600,3,0.1200,66000,66000090
2022年全年度,0136010010,衛生福利部豐原醫院,區域醫院,3.0000,54.0000,0.0556,5,62.0370,4,0.0741,66000,66000090
2022年全年度,0136010010,衛生福利部豐原醫院,區域醫院,3.0000,54.0000,0.0556,5,62.0370,4,0.0741,66000,66000090
2022年下半年度,0136010010,衛生福利部豐原醫院,區域醫院,0.0000,29.0000,0.0000,4,60.0345,1,0.0345,66000,66000090
2022年下半年度,0136010010,衛生福利部豐原醫院,區域醫院,0.0000,29.0000,0.0000,4,60.0345,1,0.0345,66000,66000090
2023年上半年度,0136010010,衛生福利部豐原醫院,區域醫院,4.0000,19.0000,0.2105,4,60.4737,1,0.0526,66000,66000090
2023年上半年度,0136010010,衛生福利部豐原醫院,區域醫院,4.0000,19.0000,0.2105,4,60.4737,1,0.0526,66000,66000090
2022年上半年度,0137170515,衛生福利部彰化醫院,區域醫院,6.0000,10.0000,0.6000,3,57.4000,1,0.1000,10007,10007150
2022年全年度,0137170515,衛生福利部彰化醫院,區域醫院,9.0000,16.0000,0.5625,3,55.3750,2,0.1250,10007,10007150
2022年下半年度,0137170515,衛生福利部彰化醫院,區域醫院,3.0000,6.0000,0.5000,3,52.0000,1,0.1667,10007,10007150
2023年上半年度,0137170515,衛生福利部彰化醫院,區域醫院,2.0000,3.0000,0.6667,2,70.3333,0,0.0000,10007,10007150
2022年上半年度,0138010027,衛生福利部南投醫院,區域醫院,0.0000,1.0000,0.0000,1,39.0000,0,0.0000,10008,10008010
2022年全年度,0138010027,衛生福利部南投醫院,區域醫院,1.0000,6.0000,0.1667,3,58.3333,0,0.0000,10008,10008010
2022年下半年度,0138010027,衛生福利部南投醫院,區域醫院,1.0000,5.0000,0.2000,3,62.2000,0,0.0000,10008,10008010
2023年上半年度,0138010027,衛生福利部南投醫院,區域醫院,2.0000,6.0000,0.3333,5,64.6667,3,0.5000,10008,10008010
2022年上半年度,0142030019,衛生福利部旗山醫院,地區醫院,0.0000,5.0000,0.0000,1,73.2000,2,0.4000,64000,64000300
2022年上半年度,0142030019,衛生福利部旗山醫院,地區醫院,0.0000,5.0000,0.0000,1,73.2000,2,0.4000,64000,64000300
2022年全年度,0142030019,衛生福利部旗山醫院,地區醫院,0.0000,13.0000,0.0000,2,61.3077,2,0.1538,64000,64000300
2022年全年度,0142030019,衛生福利部旗山醫院,地區醫院,0.0000,13.0000,0.0000,2,61.3077,2,0.1538,64000,64000300
2022年下半年度,0142030019,衛生福利部旗山醫院,地區醫院,0.0000,8.0000,0.0000,2,53.8750,0,0.0000,64000,64000300
2022年下半年度,0142030019,衛生福利部旗山醫院,地區醫院,0.0000,8.0000,0.0000,2,53.8750,0,0.0000,64000,64000300
2023年上半年度,0142030019,衛生福利部旗山醫院,地區醫院,0.0000,4.0000,0.0000,2,71.7500,0,0.0000,64000,64000300
2023年上半年度,0142030019,衛生福利部旗山醫院,地區醫院,0.0000,4.0000,0.0000,2,71.7500,0,0.0000,64000,64000300
2022年上半年度,0143010011,衛生福利部屏東醫院,區域醫院,0.0000,4.0000,0.0000,2,71.7500,2,0.5000,10013,10013010
2022年全年度,0143010011,衛生福利部屏東醫院,區域醫院,0.0000,5.0000,0.0000,3,71.0000,2,0.4000,10013,10013010
2022年下半年度,0143010011,衛生福利部屏東醫院,區域醫院,0.0000,1.0000,0.0000,1,68.0000,0,0.0000,10013,10013010
2023年上半年度,0143010011,衛生福利部屏東醫院,區域醫院,0.0000,5.0000,0.0000,2,57.6000,0,0.0000,10013,10013010
2022年上半年度,0144010015,衛生福利部澎湖醫院,地區醫院,0.0000,5.0000,0.0000,1,66.6000,1,0.2000,10016,10016010
2022年全年度,0144010015,衛生福利部澎湖醫院,地區醫院,3.0000,18.0000,0.1667,3,64.1111,4,0.2222,10016,10016010
2022年下半年度,0144010015,衛生福利部澎湖醫院,地區醫院,3.0000,13.0000,0.2308,3,63.1538,3,0.2308,10016,10016010
2023年上半年度,0144010015,衛生福利部澎湖醫院,地區醫院,0.0000,9.0000,0.0000,1,62.2222,0,0.0000,10016,10016010
2022年上半年度,0190030516,衛生福利部金門醫院,地區醫院,0.0000,11.0000,0.0000,3,70.1818,2,0.1818,09020,9020030
2022年全年度,0190030516,衛生福利部金門醫院,地區醫院,0.0000,16.0000,0.0000,4,65.8125,2,0.1250,09020,9020030
2022年下半年度,0190030516,衛生福利部金門醫院,地區醫院,0.0000,5.0000,0.0000,2,56.2000,0,0.0000,09020,9020030
2023年上半年度,0190030516,衛生福利部金門醫院,地區醫院,0.0000,12.0000,0.0000,6,63.0833,1,0.0833,09020,9020030
2022年上半年度,0401180014,國立臺灣大學醫學院附設醫院,醫學中心,48.0000,65.0000,0.7385,15,64.1846,10,0.1538,63000,63000050
2022年全年度,0401180014,國立臺灣大學醫學院附設醫院,醫學中心,89.0000,122.0000,0.7295,22,62.7131,20,0.1639,63000,63000050
2022年下半年度,0401180014,國立臺灣大學醫學院附設醫院,醫學中心,41.0000,57.0000,0.7193,20,61.0351,10,0.1754,63000,63000050
2023年上半年度,0401180014,國立臺灣大學醫學院附設醫院,醫學中心,43.0000,54.0000,0.7963,17,61.4151,9,0.1698,63000,63000050
2022年上半年度,0412040012,國立臺灣大學醫學院附設醫院新竹臺大分院新竹醫院,醫學中心,15.0000,31.0000,0.4839,12,58.1613,4,0.1290,10018,10018020
2022年全年度,0412040012,國立臺灣大學醫學院附設醫院新竹臺大分院新竹醫院,醫學中心,37.0000,63.0000,0.5873,19,59.0476,5,0.0794,10018,10018020
2022年下半年度,0412040012,國立臺灣大學醫學院附設醫院新竹臺大分院新竹醫院,醫學中心,22.0000,32.0000,0.6875,17,59.9063,1,0.0313,10018,10018020
2023年上半年度,0412040012,國立臺灣大學醫學院附設醫院新竹臺大分院新竹醫院,醫學中心,31.0000,45.0000,0.6889,14,58.0000,2,0.0444,10018,10018020
2022年上半年度,0421040011,國立成功大學醫學院附設醫院,醫學中心,27.0000,56.0000,0.4821,14,61.0943,7,0.1321,10021,10021040
2022年上半年度,0421040011,國立成功大學醫學院附設醫院,醫學中心,27.0000,56.0000,0.4821,14,61.0943,7,0.1321,10021,10021040
2022年全年度,0421040011,國立成功大學醫學院附設醫院,醫學中心,58.0000,98.0000,0.5918,17,60.1170,12,0.1277,10021,10021040
2022年全年度,0421040011,國立成功大學醫學院附設醫院,醫學中心,58.0000,98.0000,0.5918,17,60.1170,12,0.1277,10021,10021040
2022年下半年度,0421040011,國立成功大學醫學院附設醫院,醫學中心,31.0000,42.0000,0.7381,14,58.8537,5,0.1220,10021,10021040
2022年下半年度,0421040011,國立成功大學醫學院附設醫院,醫學中心,31.0000,42.0000,0.7381,14,58.8537,5,0.1220,10021,10021040
2023年上半年度,0421040011,國立成功大學醫學院附設醫院,醫學中心,28.0000,53.0000,0.5283,13,58.5686,7,0.1373,10021,10021040
2023年上半年度,0421040011,國立成功大學醫學院附設醫院,醫學中心,28.0000,53.0000,0.5283,13,58.5686,7,0.1373,10021,10021040
2022年上半年度,0433050018,國立臺灣大學醫學院附設醫院新竹臺大分院生醫醫院,地區醫院,1.0000,9.0000,0.1111,3,59.2222,0,0.0000,10004,10004010
2022年全年度,0433050018,國立臺灣大學醫學院附設醫院新竹臺大分院生醫醫院,地區醫院,5.0000,17.0000,0.2941,8,58.8235,0,0.0000,10004,10004010
2022年下半年度,0433050018,國立臺灣大學醫學院附設醫院新竹臺大分院生醫醫院,地區醫院,4.0000,8.0000,0.5000,6,58.3750,0,0.0000,10004,10004010
2023年上半年度,0433050018,國立臺灣大學醫學院附設醫院新竹臺大分院生醫醫院,地區醫院,2.0000,4.0000,0.5000,5,65.0000,1,0.2500,10004,10004010
2022年上半年度,0434010518,國立陽明交通大學附設醫院,區域醫院,1.0000,19.0000,0.0526,4,54.7778,0,0.0000,10002,10002010
2022年全年度,0434010518,國立陽明交通大學附設醫院,區域醫院,2.0000,33.0000,0.0606,7,56.9688,1,0.0313,10002,10002010
2022年下半年度,0434010518,國立陽明交通大學附設醫院,區域醫院,1.0000,14.0000,0.0714,6,59.7857,1,0.0714,10002,10002010
2023年上半年度,0434010518,國立陽明交通大學附設醫院,區域醫院,0.0000,19.0000,0.0000,6,58.8421,3,0.1579,10002,10002010
2022年上半年度,0439010518,國立臺灣大學醫學院附設醫院雲林分院,區域醫院,29.0000,42.0000,0.6905,11,62.3846,6,0.1538,10009,10009010
2022年全年度,0439010518,國立臺灣大學醫學院附設醫院雲林分院,區域醫院,68.0000,90.0000,0.7556,13,59.0581,10,0.1163,10009,10009010
2022年下半年度,0439010518,國立臺灣大學醫學院附設醫院雲林分院,區域醫院,39.0000,48.0000,0.8125,10,56.2979,4,0.0851,10009,10009010
2023年上半年度,0439010518,國立臺灣大學醫學院附設醫院雲林分院,區域醫院,36.0000,50.0000,0.7200,12,63.6000,6,0.1200,10009,10009010
2022年上半年度,0439010527,國立成功大學醫學院附設醫院斗六分院,地區醫院,0.0000,8.0000,0.0000,4,56.0000,2,0.2857,10009,10009010
2022年全年度,0439010527,國立成功大學醫學院附設醫院斗六分院,地區醫院,0.0000,14.0000,0.0000,4,55.7692,2,0.1538,10009,10009010
2022年下半年度,0439010527,國立成功大學醫學院附設醫院斗六分院,地區醫院,0.0000,6.0000,0.0000,4,55.5000,0,0.0000,10009,10009010
2023年上半年度,0439010527,國立成功大學醫學院附設醫院斗六分院,地區醫院,0.0000,5.0000,0.0000,3,61.4000,1,0.2000,10009,10009010
2022年上半年度,0501010019,三軍總醫院松山分院附設民眾診療服務處,區域醫院,0.0000,1.0000,0.0000,1,85.0000,0,0.0000,63000,63000010
2022年全年度,0501010019,三軍總醫院松山分院附設民眾診療服務處,區域醫院,0.0000,3.0000,0.0000,2,71.3333,0,0.0000,63000,63000010
2022年下半年度,0501010019,三軍總醫院松山分院附設民眾診療服務處,區域醫院,0.0000,2.0000,0.0000,2,64.5000,0,0.0000,63000,63000010
2022年上半年度,0501110514,三軍總醫院附設民眾診療服務處,醫學中心,2.0000,40.0000,0.0500,13,63.9250,7,0.1750,63000,63000100
2022年全年度,0501110514,三軍總醫院附設民眾診療服務處,醫學中心,3.0000,79.0000,0.0380,19,62.0385,8,0.1026,63000,63000100
2022年下半年度,0501110514,三軍總醫院附設民眾診療服務處,醫學中心,1.0000,39.0000,0.0256,15,60.0526,1,0.0263,63000,63000100
2023年上半年度,0501110514,三軍總醫院附設民眾診療服務處,醫學中心,4.0000,35.0000,0.1143,12,60.4571,4,0.1143,63000,63000100
2022年上半年度,0502030015,國軍左營總醫院附設民眾診療服務處,區域醫院,0.0000,14.0000,0.0000,5,56.1429,1,0.0714,64000,64000030
2022年上半年度,0502030015,國軍左營總醫院附設民眾診療服務處,區域醫院,0.0000,14.0000,0.0000,5,56.1429,1,0.0714,64000,64000030
2022年全年度,0502030015,國軍左營總醫院附設民眾診療服務處,區域醫院,0.0000,22.0000,0.0000,5,57.5000,1,0.0455,64000,64000030
2022年全年度,0502030015,國軍左營總醫院附設民眾診療服務處,區域醫院,0.0000,22.0000,0.0000,5,57.5000,1,0.0455,64000,64000030
2022年下半年度,0502030015,國軍左營總醫院附設民眾診療服務處,區域醫院,0.0000,8.0000,0.0000,3,59.8750,0,0.0000,64000,64000030
2022年下半年度,0502030015,國軍左營總醫院附設民眾診療服務處,區域醫院,0.0000,8.0000,0.0000,3,59.8750,0,0.0000,64000,64000030
2023年上半年度,0502030015,國軍左營總醫院附設民眾診療服務處,區域醫院,0.0000,10.0000,0.0000,3,60.5000,1,0.1000,64000,64000030
2023年上半年度,0502030015,國軍左營總醫院附設民眾診療服務處,區域醫院,0.0000,10.0000,0.0000,3,60.5000,1,0.1000,64000,64000030
2022年上半年度,0502080015,國軍高雄總醫院附設民眾診療服務處,區域醫院,1.0000,18.0000,0.0556,6,62.1111,1,0.0556,64000,64000080
2022年上半年度,0502080015,國軍高雄總醫院附設民眾診療服務處,區域醫院,1.0000,18.0000,0.0556,6,62.1111,1,0.0556,64000,64000080
2022年全年度,0502080015,國軍高雄總醫院附設民眾診療服務處,區域醫院,3.0000,39.0000,0.0769,9,59.2973,3,0.0811,64000,64000080
2022年全年度,0502080015,國軍高雄總醫院附設民眾診療服務處,區域醫院,3.0000,39.0000,0.0769,9,59.2973,3,0.0811,64000,64000080
2022年下半年度,0502080015,國軍高雄總醫院附設民眾診療服務處,區域醫院,2.0000,21.0000,0.0952,7,56.6316,2,0.1053,64000,64000080
2022年下半年度,0502080015,國軍高雄總醫院附設民眾診療服務處,區域醫院,2.0000,21.0000,0.0952,7,56.6316,2,0.1053,64000,64000080
2023年上半年度,0502080015,國軍高雄總醫院附設民眾診療服務處,區域醫院,1.0000,10.0000,0.1000,3,57.2000,0,0.0000,64000,64000080
2023年上半年度,0502080015,國軍高雄總醫院附設民眾診療服務處,區域醫院,1.0000,10.0000,0.1000,3,57.2000,0,0.0000,64000,64000080
2022年上半年度,0532090029,國軍桃園總醫院附設民眾診療服務處,區域醫院,0.0000,18.0000,0.0000,4,60.7647,2,0.1176,68000,68000090
2022年全年度,0532090029,國軍桃園總醫院附設民眾診療服務處,區域醫院,1.0000,40.0000,0.0250,4,58.8611,5,0.1389,68000,68000090
2022年下半年度,0532090029,國軍桃園總醫院附設民眾診療服務處,區域醫院,1.0000,22.0000,0.0455,3,57.5714,3,0.1429,68000,68000090
2023年上半年度,0532090029,國軍桃園總醫院附設民眾診療服務處,區域醫院,1.0000,19.0000,0.0526,2,58.0556,1,0.0556,68000,68000090
2022年上半年度,0536190011,國軍臺中總醫院附設民眾診療服務處,區域醫院,1.0000,11.0000,0.0909,4,63.7273,3,0.2727,66000,66000270
2022年上半年度,0536190011,國軍臺中總醫院附設民眾診療服務處,區域醫院,1.0000,11.0000,0.0909,4,63.7273,3,0.2727,66000,66000270
2022年全年度,0536190011,國軍臺中總醫院附設民眾診療服務處,區域醫院,1.0000,20.0000,0.0500,4,60.3000,3,0.1500,66000,66000270
2022年全年度,0536190011,國軍臺中總醫院附設民眾診療服務處,區域醫院,1.0000,20.0000,0.0500,4,60.3000,3,0.1500,66000,66000270
2022年下半年度,0536190011,國軍臺中總醫院附設民眾診療服務處,區域醫院,0.0000,9.0000,0.0000,2,56.1111,0,0.0000,66000,66000270
2022年下半年度,0536190011,國軍臺中總醫院附設民眾診療服務處,區域醫院,0.0000,9.0000,0.0000,2,56.1111,0,0.0000,66000,66000270
2023年上半年度,0536190011,國軍臺中總醫院附設民眾診療服務處,區域醫院,0.0000,10.0000,0.0000,4,58.4000,1,0.1000,66000,66000270
2023年上半年度,0536190011,國軍臺中總醫院附設民眾診療服務處,區域醫院,0.0000,10.0000,0.0000,4,58.4000,1,0.1000,66000,66000270
2022年上半年度,0544010031,三軍總醫院澎湖分院附設民眾診療服務處,地區醫院,1.0000,6.0000,0.1667,1,62.1667,0,0.0000,10016,10016010
2022年全年度,0544010031,三軍總醫院澎湖分院附設民眾診療服務處,地區醫院,1.0000,8.0000,0.1250,3,68.7500,0,0.0000,10016,10016010
2022年下半年度,0544010031,三軍總醫院澎湖分院附設民眾診療服務處,地區醫院,0.0000,2.0000,0.0000,2,88.5000,0,0.0000,10016,10016010
2023年上半年度,0544010031,三軍總醫院澎湖分院附設民眾診療服務處,地區醫院,0.0000,2.0000,0.0000,1,75.0000,1,0.5000,10016,10016010
2022年上半年度,0601160016,臺北榮民總醫院,醫學中心,27.0000,37.0000,0.7297,12,66.5714,2,0.0571,63000,63000120
2022年全年度,0601160016,臺北榮民總醫院,醫學中心,61.0000,85.0000,0.7176,18,66.0610,12,0.1463,63000,63000120
2022年下半年度,0601160016,臺北榮民總醫院,醫學中心,34.0000,48.0000,0.7083,15,65.7917,10,0.2083,63000,63000120
2023年上半年度,0601160016,臺北榮民總醫院,醫學中心,32.0000,47.0000,0.6809,16,65.0426,4,0.0851,63000,63000120
2022年上半年度,0602030026,高雄榮民總醫院,醫學中心,27.0000,62.0000,0.4355,14,58.6129,8,0.1290,64000,64000030
2022年上半年度,0602030026,高雄榮民總醫院,醫學中心,27.0000,62.0000,0.4355,14,58.6129,8,0.1290,64000,64000030
2022年全年度,0602030026,高雄榮民總醫院,醫學中心,41.0000,118.0000,0.3475,16,58.7607,11,0.0940,64000,64000030
2022年全年度,0602030026,高雄榮民總醫院,醫學中心,41.0000,118.0000,0.3475,16,58.7607,11,0.0940,64000,64000030
2022年下半年度,0602030026,高雄榮民總醫院,醫學中心,14.0000,56.0000,0.2500,13,58.9273,3,0.0545,64000,64000030
2022年下半年度,0602030026,高雄榮民總醫院,醫學中心,14.0000,56.0000,0.2500,13,58.9273,3,0.0545,64000,64000030
2023年上半年度,0602030026,高雄榮民總醫院,醫學中心,18.0000,46.0000,0.3913,9,63.4130,4,0.0870,64000,64000030
2023年上半年度,0602030026,高雄榮民總醫院,醫學中心,18.0000,46.0000,0.3913,9,63.4130,4,0.0870,64000,64000030
2022年上半年度,0617060018,臺中榮民總醫院,醫學中心,25.0000,40.0000,0.6250,12,65.5000,4,0.1111,66000,10019060
2022年上半年度,0617060018,臺中榮民總醫院,醫學中心,25.0000,40.0000,0.6250,12,65.5000,4,0.1111,66000,10019060
2022年全年度,0617060018,臺中榮民總醫院,醫學中心,53.0000,81.0000,0.6543,20,63.8816,8,0.1053,66000,10019060
2022年全年度,0617060018,臺中榮民總醫院,醫學中心,53.0000,81.0000,0.6543,20,63.8816,8,0.1053,66000,10019060
2022年下半年度,0617060018,臺中榮民總醫院,醫學中心,28.0000,41.0000,0.6829,17,62.4250,4,0.1000,66000,10019060
2022年下半年度,0617060018,臺中榮民總醫院,醫學中心,28.0000,41.0000,0.6829,17,62.4250,4,0.1000,66000,10019060
2023年上半年度,0617060018,臺中榮民總醫院,醫學中心,32.0000,50.0000,0.6400,16,61.8000,10,0.2000,66000,10019060
2023年上半年度,0617060018,臺中榮民總醫院,醫學中心,32.0000,50.0000,0.6400,16,61.8000,10,0.2000,66000,10019060
2022年上半年度,0622020017,臺中榮民總醫院嘉義分院,區域醫院,6.0000,7.0000,0.8571,4,63.2857,0,0.0000,10020,10020020
2022年全年度,0622020017,臺中榮民總醫院嘉義分院,區域醫院,14.0000,17.0000,0.8235,4,57.5625,1,0.0625,10020,10020020
2022年下半年度,0622020017,臺中榮民總醫院嘉義分院,區域醫院,8.0000,10.0000,0.8000,2,53.1111,1,0.1111,10020,10020020
2023年上半年度,0622020017,臺中榮民總醫院嘉義分院,區域醫院,18.0000,25.0000,0.7200,6,65.6957,4,0.1739,10020,10020020
2022年全年度,0632010014,臺北榮民總醫院桃園分院,區域醫院,0.0000,1.0000,0.0000,1,88.0000,0,0.0000,68000,68000010
2022年下半年度,0632010014,臺北榮民總醫院桃園分院,區域醫院,0.0000,1.0000,0.0000,1,88.0000,0,0.0000,68000,68000010
2023年上半年度,0632010014,臺北榮民總醫院桃園分院,區域醫院,0.0000,1.0000,0.0000,1,77.0000,0,0.0000,68000,68000010
2023年上半年度,0634070018,臺北榮民總醫院員山分院,地區醫院,0.0000,1.0000,0.0000,1,93.0000,0,0.0000,10002,10002070
2022年上半年度,0638020014,臺中榮民總醫院埔里分院,地區醫院,1.0000,4.0000,0.2500,2,59.7500,1,0.2500,10008,10008020
2022年全年度,0638020014,臺中榮民總醫院埔里分院,地區醫院,1.0000,6.0000,0.1667,3,70.1667,1,0.1667,10008,10008020
2022年下半年度,0638020014,臺中榮民總醫院埔里分院,地區醫院,0.0000,2.0000,0.0000,2,91.0000,0,0.0000,10008,10008020
2023年上半年度,0638020014,臺中榮民總醫院埔里分院,地區醫院,1.0000,3.0000,0.3333,3,77.6667,0,0.0000,10008,10008020
2022年全年度,0641310018,高雄榮民總醫院臺南分院,地區醫院,0.0000,1.0000,0.0000,1,92.0000,0,0.0000,10021,67000310
2022年全年度,0641310018,高雄榮民總醫院臺南分院,地區醫院,0.0000,1.0000,0.0000,1,92.0000,0,0.0000,10021,67000310
2022年下半年度,0641310018,高雄榮民總醫院臺南分院,地區醫院,0.0000,1.0000,0.0000,1,92.0000,0,0.0000,10021,67000310
2022年下半年度,0641310018,高雄榮民總醫院臺南分院,地區醫院,0.0000,1.0000,0.0000,1,92.0000,0,0.0000,10021,67000310
2023年上半年度,0643010011,屏東榮民總醫院,地區醫院,1.0000,5.0000,0.2000,2,62.0000,2,0.4000,10013,10013010
2022年全年度,0645020015,臺北榮民總醫院鳳林分院,地區醫院,1.0000,1.0000,1.0000,1,78.0000,0,0.0000,10015,10015020
2022年下半年度,0645020015,臺北榮民總醫院鳳林分院,地區醫院,1.0000,1.0000,1.0000,1,78.0000,0,0.0000,10015,10015020
2022年全年度,0646010013,臺北榮民總醫院臺東分院,地區醫院,0.0000,1.0000,0.0000,1,68.0000,1,1.0000,10014,10014010
2022年下半年度,0646010013,臺北榮民總醫院臺東分院,地區醫院,0.0000,1.0000,0.0000,1,68.0000,1,1.0000,10014,10014010
2023年上半年度,0646010013,臺北榮民總醫院臺東分院,地區醫院,0.0000,1.0000,0.0000,1,70.0000,1,1.0000,10014,10014010
2022年上半年度,0701160518,臺北市立關渡醫院-委託臺北榮民總醫院經營,地區醫院,1.0000,1.0000,1.0000,1,79.0000,0,0.0000,63000,63000120
2022年全年度,0701160518,臺北市立關渡醫院-委託臺北榮民總醫院經營,地區醫院,1.0000,1.0000,1.0000,1,79.0000,0,0.0000,63000,63000120
2023年上半年度,0717070516,法務部矯正署臺中監獄附設培德醫院,地區醫院,0.0000,1.0000,0.0000,1,75.0000,0,0.0000,66000,10019070
2023年上半年度,0717070516,法務部矯正署臺中監獄附設培德醫院,地區醫院,0.0000,1.0000,0.0000,1,75.0000,0,0.0000,66000,10019070
2022年上半年度,0901190010,西園醫療社團法人西園醫院,地區醫院,0.0000,3.0000,0.0000,2,56.6667,0,0.0000,63000,63000070
2022年全年度,0901190010,西園醫療社團法人西園醫院,地區醫院,0.0000,3.0000,0.0000,2,56.6667,0,0.0000,63000,63000070
2022年上半年度,0902080013,阮綜合醫療社團法人阮綜合醫院,區域醫院,0.0000,15.0000,0.0000,5,58.8000,3,0.2000,64000,64000080
2022年上半年度,0902080013,阮綜合醫療社團法人阮綜合醫院,區域醫院,0.0000,15.0000,0.0000,5,58.8000,3,0.2000,64000,64000080
2022年全年度,0902080013,阮綜合醫療社團法人阮綜合醫院,區域醫院,1.0000,39.0000,0.0256,5,58.3590,5,0.1282,64000,64000080
2022年全年度,0902080013,阮綜合醫療社團法人阮綜合醫院,區域醫院,1.0000,39.0000,0.0256,5,58.3590,5,0.1282,64000,64000080
2022年下半年度,0902080013,阮綜合醫療社團法人阮綜合醫院,區域醫院,1.0000,24.0000,0.0417,5,58.0833,2,0.0833,64000,64000080
2022年下半年度,0902080013,阮綜合醫療社團法人阮綜合醫院,區域醫院,1.0000,24.0000,0.0417,5,58.0833,2,0.0833,64000,64000080
2023年上半年度,0902080013,阮綜合醫療社團法人阮綜合醫院,區域醫院,1.0000,26.0000,0.0385,6,62.3462,2,0.0769,64000,64000080
2023年上半年度,0902080013,阮綜合醫療社團法人阮綜合醫院,區域醫院,1.0000,26.0000,0.0385,6,62.3462,2,0.0769,64000,64000080
2022年全年度,0903150014,林新醫療社團法人烏日林新醫院,地區醫院,0.0000,1.0000,0.0000,1,88.0000,0,0.0000,66000,66000230
2022年下半年度,0903150014,林新醫療社團法人烏日林新醫院,地區醫院,0.0000,1.0000,0.0000,1,88.0000,0,0.0000,66000,66000230
2023年上半年度,0903150014,林新醫療社團法人烏日林新醫院,地區醫院,0.0000,1.0000,0.0000,1,44.0000,1,1.0000,66000,66000230
2022年上半年度,0905320023,台南市立醫院(委託秀傳醫療社團法人經營),區域醫院,6.0000,34.0000,0.1765,7,61.6061,2,0.0606,10021,10021010
2022年全年度,0905320023,台南市立醫院(委託秀傳醫療社團法人經營),區域醫院,46.0000,81.0000,0.5679,7,61.7625,6,0.0750,10021,10021010
2022年下半年度,0905320023,台南市立醫院(委託秀傳醫療社團法人經營),區域醫院,40.0000,47.0000,0.8511,6,61.8723,4,0.0851,10021,10021010
2023年上半年度,0905320023,台南市立醫院(委託秀傳醫療社團法人經營),區域醫院,26.0000,33.0000,0.7879,6,61.1250,2,0.0625,10021,10021010
2022年上半年度,0917070029,林新醫療社團法人林新醫院,區域醫院,0.0000,13.0000,0.0000,3,55.9231,1,0.0769,66000,10019070
2022年上半年度,0917070029,林新醫療社團法人林新醫院,區域醫院,0.0000,13.0000,0.0000,3,55.9231,1,0.0769,66000,10019070
2022年全年度,0917070029,林新醫療社團法人林新醫院,區域醫院,0.0000,27.0000,0.0000,4,56.5926,1,0.0370,66000,10019070
2022年全年度,0917070029,林新醫療社團法人林新醫院,區域醫院,0.0000,27.0000,0.0000,4,56.5926,1,0.0370,66000,10019070
2022年下半年度,0917070029,林新醫療社團法人林新醫院,區域醫院,0.0000,14.0000,0.0000,3,57.2143,0,0.0000,66000,10019070
2022年下半年度,0917070029,林新醫療社團法人林新醫院,區域醫院,0.0000,14.0000,0.0000,3,57.2143,0,0.0000,66000,10019070
2023年上半年度,0917070029,林新醫療社團法人林新醫院,區域醫院,1.0000,13.0000,0.0769,4,59.0000,1,0.0769,66000,10019070
2023年上半年度,0917070029,林新醫療社團法人林新醫院,區域醫院,1.0000,13.0000,0.0769,4,59.0000,1,0.0769,66000,10019070
2022年上半年度,0932020025,天成醫療社團法人天晟醫院,區域醫院,0.0000,17.0000,0.0000,3,56.2353,1,0.0588,68000,68000020
2022年全年度,0932020025,天成醫療社團法人天晟醫院,區域醫院,1.0000,32.0000,0.0313,3,57.1250,1,0.0313,68000,68000020
2022年下半年度,0932020025,天成醫療社團法人天晟醫院,區域醫院,1.0000,15.0000,0.0667,3,58.1333,0,0.0000,68000,68000020
2023年上半年度,0932020025,天成醫療社團法人天晟醫院,區域醫院,1.0000,18.0000,0.0556,3,62.2222,0,0.0000,68000,68000020
2023年上半年度,0932020034,新國民醫療社團法人新國民醫院,地區醫院,0.0000,1.0000,0.0000,1,81.0000,0,0.0000,68000,68000020
2022年上半年度,0933050018,東元醫療社團法人東元綜合醫院,區域醫院,13.0000,18.0000,0.7222,4,59.3889,3,0.1667,10004,10004010
2022年全年度,0933050018,東元醫療社團法人東元綜合醫院,區域醫院,22.0000,27.0000,0.8148,5,58.0741,4,0.1481,10004,10004010
2022年下半年度,0933050018,東元醫療社團法人東元綜合醫院,區域醫院,9.0000,9.0000,1.0000,5,55.4444,1,0.1111,10004,10004010
2023年上半年度,0933050018,東元醫療社團法人東元綜合醫院,區域醫院,14.0000,17.0000,0.8235,4,60.7647,2,0.1176,10004,10004010
2022年全年度,0935020027,李綜合醫療社團法人苑裡李綜合醫院,地區醫院,0.0000,1.0000,0.0000,1,71.0000,0,0.0000,10005,10005020
2022年下半年度,0935020027,李綜合醫療社團法人苑裡李綜合醫院,地區醫院,0.0000,1.0000,0.0000,1,71.0000,0,0.0000,10005,10005020
2022年上半年度,0936030018,李綜合醫療社團法人大甲李綜合醫院,區域醫院,0.0000,6.0000,0.0000,2,51.8333,0,0.0000,66000,66000110
2022年上半年度,0936030018,李綜合醫療社團法人大甲李綜合醫院,區域醫院,0.0000,6.0000,0.0000,2,51.8333,0,0.0000,66000,66000110
2022年全年度,0936030018,李綜合醫療社團法人大甲李綜合醫院,區域醫院,0.0000,13.0000,0.0000,2,53.0000,0,0.0000,66000,66000110
2022年全年度,0936030018,李綜合醫療社團法人大甲李綜合醫院,區域醫院,0.0000,13.0000,0.0000,2,53.0000,0,0.0000,66000,66000110
2022年下半年度,0936030018,李綜合醫療社團法人大甲李綜合醫院,區域醫院,0.0000,7.0000,0.0000,2,54.0000,0,0.0000,66000,66000110
2022年下半年度,0936030018,李綜合醫療社團法人大甲李綜合醫院,區域醫院,0.0000,7.0000,0.0000,2,54.0000,0,0.0000,66000,66000110
2023年上半年度,0936030018,李綜合醫療社團法人大甲李綜合醫院,區域醫院,1.0000,10.0000,0.1000,2,62.4000,0,0.0000,66000,66000110
2023年上半年度,0936030018,李綜合醫療社團法人大甲李綜合醫院,區域醫院,1.0000,10.0000,0.1000,2,62.4000,0,0.0000,66000,66000110
2022年上半年度,0936050029,光田醫療社團法人光田綜合醫院,區域醫院,10.0000,14.0000,0.7143,5,61.5000,2,0.1429,66000,66000130
2022年上半年度,0936050029,光田醫療社團法人光田綜合醫院,區域醫院,10.0000,14.0000,0.7143,5,61.5000,2,0.1429,66000,66000130
2022年全年度,0936050029,光田醫療社團法人光田綜合醫院,區域醫院,18.0000,26.0000,0.6923,6,61.9615,2,0.0769,66000,66000130
2022年全年度,0936050029,光田醫療社團法人光田綜合醫院,區域醫院,18.0000,26.0000,0.6923,6,61.9615,2,0.0769,66000,66000130
2022年下半年度,0936050029,光田醫療社團法人光田綜合醫院,區域醫院,8.0000,12.0000,0.6667,5,62.5000,0,0.0000,66000,66000130
2022年下半年度,0936050029,光田醫療社團法人光田綜合醫院,區域醫院,8.0000,12.0000,0.6667,5,62.5000,0,0.0000,66000,66000130
2023年上半年度,0936050029,光田醫療社團法人光田綜合醫院,區域醫院,12.0000,24.0000,0.5000,6,60.7500,1,0.0417,66000,66000130
2023年上半年度,0936050029,光田醫療社團法人光田綜合醫院,區域醫院,12.0000,24.0000,0.5000,6,60.7500,1,0.0417,66000,66000130
2022年上半年度,0936060016,童綜合醫療社團法人童綜合醫院,區域醫院,22.0000,29.0000,0.7586,8,60.5357,1,0.0357,66000,66000140
2022年上半年度,0936060016,童綜合醫療社團法人童綜合醫院,區域醫院,22.0000,29.0000,0.7586,8,60.5357,1,0.0357,66000,66000140
2022年全年度,0936060016,童綜合醫療社團法人童綜合醫院,區域醫院,44.0000,52.0000,0.8462,10,60.0196,4,0.0784,66000,66000140
2022年全年度,0936060016,童綜合醫療社團法人童綜合醫院,區域醫院,44.0000,52.0000,0.8462,10,60.0196,4,0.0784,66000,66000140
2022年下半年度,0936060016,童綜合醫療社團法人童綜合醫院,區域醫院,22.0000,23.0000,0.9565,7,59.3913,3,0.1304,66000,66000140
2022年下半年度,0936060016,童綜合醫療社團法人童綜合醫院,區域醫院,22.0000,23.0000,0.9565,7,59.3913,3,0.1304,66000,66000140
2023年上半年度,0936060016,童綜合醫療社團法人童綜合醫院,區域醫院,31.0000,34.0000,0.9118,8,55.9118,3,0.0882,66000,66000140
2023年上半年度,0936060016,童綜合醫療社團法人童綜合醫院,區域醫院,31.0000,34.0000,0.9118,8,55.9118,3,0.0882,66000,66000140
2022年上半年度,0937010019,秀傳醫療社團法人秀傳紀念醫院,區域醫院,0.0000,16.0000,0.0000,6,64.3125,0,0.0000,10007,10007010
2022年全年度,0937010019,秀傳醫療社團法人秀傳紀念醫院,區域醫院,1.0000,29.0000,0.0345,6,64.5517,2,0.0690,10007,10007010
2022年下半年度,0937010019,秀傳醫療社團法人秀傳紀念醫院,區域醫院,1.0000,13.0000,0.0769,5,64.8462,2,0.1538,10007,10007010
2023年上半年度,0937010019,秀傳醫療社團法人秀傳紀念醫院,區域醫院,0.0000,14.0000,0.0000,6,57.1429,1,0.0714,10007,10007010
2022年上半年度,0937050014,員榮醫療社團法人員榮醫院,地區醫院,7.0000,9.0000,0.7778,2,61.6667,1,0.1111,10007,10007100
2022年全年度,0937050014,員榮醫療社團法人員榮醫院,地區醫院,14.0000,16.0000,0.8750,3,59.4375,3,0.1875,10007,10007100
2022年下半年度,0937050014,員榮醫療社團法人員榮醫院,地區醫院,7.0000,7.0000,1.0000,2,56.5714,2,0.2857,10007,10007100
2023年上半年度,0937050014,員榮醫療社團法人員榮醫院,地區醫院,7.0000,8.0000,0.8750,3,67.5000,0,0.0000,10007,10007100
2022年上半年度,0938030016,佑民醫療社團法人佑民醫院,地區醫院,2.0000,9.0000,0.2222,4,60.1111,0,0.0000,10008,10008030
2022年全年度,0938030016,佑民醫療社團法人佑民醫院,地區醫院,4.0000,15.0000,0.2667,4,62.5333,1,0.0667,10008,10008030
2022年下半年度,0938030016,佑民醫療社團法人佑民醫院,地區醫院,2.0000,6.0000,0.3333,3,66.1667,1,0.1667,10008,10008030
2023年上半年度,0938030016,佑民醫療社團法人佑民醫院,地區醫院,6.0000,11.0000,0.5455,4,59.8182,1,0.0909,10008,10008030
2022年上半年度,0938040012,竹山秀傳醫療社團法人竹山秀傳醫院,地區醫院,0.0000,11.0000,0.0000,2,57.3636,0,0.0000,10008,10008040
2022年全年度,0938040012,竹山秀傳醫療社團法人竹山秀傳醫院,地區醫院,0.0000,22.0000,0.0000,2,59.7273,1,0.0455,10008,10008040
2022年下半年度,0938040012,竹山秀傳醫療社團法人竹山秀傳醫院,地區醫院,0.0000,11.0000,0.0000,1,62.0909,1,0.0909,10008,10008040
2023年上半年度,0938040012,竹山秀傳醫療社團法人竹山秀傳醫院,地區醫院,0.0000,10.0000,0.0000,3,68.6000,2,0.2000,10008,10008040
2022年全年度,0942020019,高雄市立岡山醫院（委託秀傳醫療社團法人經營）,地區醫院,0.0000,1.0000,0.0000,1,75.0000,1,1.0000,64000,64000190
2022年全年度,0942020019,高雄市立岡山醫院（委託秀傳醫療社團法人經營）,地區醫院,0.0000,1.0000,0.0000,1,75.0000,1,1.0000,64000,64000190
2022年下半年度,0942020019,高雄市立岡山醫院（委託秀傳醫療社團法人經營）,地區醫院,0.0000,1.0000,0.0000,1,75.0000,1,1.0000,64000,64000190
2022年下半年度,0942020019,高雄市立岡山醫院（委託秀傳醫療社團法人經營）,地區醫院,0.0000,1.0000,0.0000,1,75.0000,1,1.0000,64000,64000190
2022年上半年度,0943010017,寶建醫療社團法人寶建醫院,區域醫院,3.0000,20.0000,0.1500,2,66.4211,0,0.0000,10013,10013010
2022年全年度,0943010017,寶建醫療社團法人寶建醫院,區域醫院,4.0000,27.0000,0.1481,3,62.5600,2,0.0800,10013,10013010
2022年下半年度,0943010017,寶建醫療社團法人寶建醫院,區域醫院,1.0000,7.0000,0.1429,3,51.0000,2,0.2857,10013,10013010
2023年上半年度,0943010017,寶建醫療社團法人寶建醫院,區域醫院,0.0000,8.0000,0.0000,2,62.2500,1,0.1250,10013,10013010
2022年上半年度,0943030019,安泰醫療社團法人安泰醫院,區域醫院,4.0000,11.0000,0.3636,3,63.2727,2,0.1818,10013,10013030
2022年全年度,0943030019,安泰醫療社團法人安泰醫院,區域醫院,5.0000,17.0000,0.2941,5,65.1176,2,0.1176,10013,10013030
2022年下半年度,0943030019,安泰醫療社團法人安泰醫院,區域醫院,1.0000,6.0000,0.1667,4,68.5000,0,0.0000,10013,10013030
2023年上半年度,0943030019,安泰醫療社團法人安泰醫院,區域醫院,3.0000,9.0000,0.3333,6,65.4444,3,0.3333,10013,10013030
2023年上半年度,0943040015,南門醫療社團法人南門醫院,地區醫院,1.0000,1.0000,1.0000,1,63.0000,0,0.0000,10013,10013040
2022年上半年度,0943160012,枋寮醫療社團法人枋寮醫院,地區醫院,0.0000,16.0000,0.0000,2,56.4375,0,0.0000,10013,10013160
2022年全年度,0943160012,枋寮醫療社團法人枋寮醫院,地區醫院,0.0000,24.0000,0.0000,3,57.4583,0,0.0000,10013,10013160
2022年下半年度,0943160012,枋寮醫療社團法人枋寮醫院,地區醫院,0.0000,8.0000,0.0000,2,59.5000,0,0.0000,10013,10013160
2023年上半年度,0943160012,枋寮醫療社團法人枋寮醫院,地區醫院,0.0000,11.0000,0.0000,2,62.2727,1,0.0909,10013,10013160
2022年上半年度,1101010021,基督復臨安息日會醫療財團法人臺安醫院,區域醫院,0.0000,11.0000,0.0000,1,63.4545,1,0.0909,63000,63000010
2022年全年度,1101010021,基督復臨安息日會醫療財團法人臺安醫院,區域醫院,0.0000,16.0000,0.0000,1,63.3125,1,0.0625,63000,63000010
2022年下半年度,1101010021,基督復臨安息日會醫療財團法人臺安醫院,區域醫院,0.0000,5.0000,0.0000,1,63.0000,0,0.0000,63000,63000010
2023年上半年度,1101010021,基督復臨安息日會醫療財團法人臺安醫院,區域醫院,0.0000,3.0000,0.0000,1,75.6667,1,0.3333,63000,63000010
2022年上半年度,1101020018,國泰醫療財團法人國泰綜合醫院,醫學中心,13.0000,14.0000,0.9286,9,66.4286,3,0.2143,63000,63000030
2022年全年度,1101020018,國泰醫療財團法人國泰綜合醫院,醫學中心,23.0000,28.0000,0.8214,11,62.7778,3,0.1111,63000,63000030
2022年下半年度,1101020018,國泰醫療財團法人國泰綜合醫院,醫學中心,10.0000,14.0000,0.7143,9,58.8462,0,0.0000,63000,63000030
2023年上半年度,1101020018,國泰醫療財團法人國泰綜合醫院,醫學中心,7.0000,11.0000,0.6364,8,64.6364,1,0.0909,63000,63000030
2022年上半年度,1101100011,台灣基督長老教會馬偕醫療財團法人馬偕紀念醫院,醫學中心,41.0000,62.0000,0.6613,19,60.4194,5,0.0806,63000,63000040
2022年全年度,1101100011,台灣基督長老教會馬偕醫療財團法人馬偕紀念醫院,醫學中心,78.0000,112.0000,0.6964,24,61.5982,9,0.0804,63000,63000040
2022年下半年度,1101100011,台灣基督長老教會馬偕醫療財團法人馬偕紀念醫院,醫學中心,37.0000,50.0000,0.7400,19,63.0600,4,0.0800,63000,63000040
2023年上半年度,1101100011,台灣基督長老教會馬偕醫療財團法人馬偕紀念醫院,醫學中心,65.0000,81.0000,0.8025,23,61.3038,10,0.1266,63000,63000040
2022年上半年度,1101150011,新光醫療財團法人新光吳火獅紀念醫院,醫學中心,33.0000,49.0000,0.6735,16,58.8750,4,0.0833,63000,63000110
2022年全年度,1101150011,新光醫療財團法人新光吳火獅紀念醫院,醫學中心,60.0000,101.0000,0.5941,18,59.9700,15,0.1500,63000,63000110
2022年下半年度,1101150011,新光醫療財團法人新光吳火獅紀念醫院,醫學中心,27.0000,52.0000,0.5192,13,60.9808,11,0.2115,63000,63000110
2023年上半年度,1101150011,新光醫療財團法人新光吳火獅紀念醫院,醫學中心,12.0000,42.0000,0.2857,14,56.5952,2,0.0476,63000,63000110
2022年上半年度,1101160017,振興醫療財團法人振興醫院,區域醫院,22.0000,37.0000,0.5946,15,60.8286,2,0.0571,63000,63000120
2022年全年度,1101160017,振興醫療財團法人振興醫院,區域醫院,46.0000,74.0000,0.6216,21,59.8592,7,0.0986,63000,63000120
2022年下半年度,1101160017,振興醫療財團法人振興醫院,區域醫院,24.0000,37.0000,0.6486,14,58.9167,5,0.1389,63000,63000120
2023年上半年度,1101160017,振興醫療財團法人振興醫院,區域醫院,25.0000,34.0000,0.7353,16,63.0588,2,0.0588,63000,63000120
2022年上半年度,1102110011,高雄市立小港醫院（委託財團法人私立高雄醫學大學經營）,區域醫院,5.0000,17.0000,0.2941,5,59.0000,4,0.2500,64000,64000110
2022年上半年度,1102110011,高雄市立小港醫院（委託財團法人私立高雄醫學大學經營）,區域醫院,5.0000,17.0000,0.2941,5,59.0000,4,0.2500,64000,64000110
2022年全年度,1102110011,高雄市立小港醫院（委託財團法人私立高雄醫學大學經營）,區域醫院,15.0000,40.0000,0.3750,7,59.0000,6,0.1579,64000,64000110
2022年全年度,1102110011,高雄市立小港醫院（委託財團法人私立高雄醫學大學經營）,區域醫院,15.0000,40.0000,0.3750,7,59.0000,6,0.1579,64000,64000110
2022年下半年度,1102110011,高雄市立小港醫院（委託財團法人私立高雄醫學大學經營）,區域醫院,10.0000,23.0000,0.4348,5,59.0000,2,0.0909,64000,64000110
2022年下半年度,1102110011,高雄市立小港醫院（委託財團法人私立高雄醫學大學經營）,區域醫院,10.0000,23.0000,0.4348,5,59.0000,2,0.0909,64000,64000110
2023年上半年度,1102110011,高雄市立小港醫院（委託財團法人私立高雄醫學大學經營）,區域醫院,5.0000,9.0000,0.5556,4,59.6667,1,0.1111,64000,64000110
2023年上半年度,1102110011,高雄市立小港醫院（委託財團法人私立高雄醫學大學經營）,區域醫院,5.0000,9.0000,0.5556,4,59.6667,1,0.1111,64000,64000110
2022年上半年度,1105040016,台灣基督長老教會新樓醫療財團法人麻豆新樓醫院,地區醫院,3.0000,8.0000,0.3750,2,63.0000,1,0.1250,10021,67000070
2022年全年度,1105040016,台灣基督長老教會新樓醫療財團法人麻豆新樓醫院,地區醫院,11.0000,22.0000,0.5000,4,62.0000,4,0.1818,10021,67000070
2022年下半年度,1105040016,台灣基督長老教會新樓醫療財團法人麻豆新樓醫院,地區醫院,8.0000,14.0000,0.5714,4,61.4286,3,0.2143,10021,67000070
2023年上半年度,1105040016,台灣基督長老教會新樓醫療財團法人麻豆新樓醫院,地區醫院,5.0000,10.0000,0.5000,3,55.5000,0,0.0000,10021,67000070
2022年上半年度,1111060015,長庚醫療財團法人基隆長庚紀念醫院,區域醫院,18.0000,25.0000,0.7200,9,56.9600,2,0.0800,10017,10017060
2022年全年度,1111060015,長庚醫療財團法人基隆長庚紀念醫院,區域醫院,44.0000,59.0000,0.7458,16,61.9828,8,0.1379,10017,10017060
2022年下半年度,1111060015,長庚醫療財團法人基隆長庚紀念醫院,區域醫院,26.0000,34.0000,0.7647,14,65.7879,6,0.1818,10017,10017060
2023年上半年度,1111060015,長庚醫療財團法人基隆長庚紀念醫院,區域醫院,17.0000,24.0000,0.7083,8,62.5417,3,0.1250,10017,10017060
2022年上半年度,1112010519,台灣基督長老教會馬偕醫療財團法人新竹馬偕紀念醫院,區域醫院,0.0000,22.0000,0.0000,9,57.2381,1,0.0476,10018,10018010
2022年全年度,1112010519,台灣基督長老教會馬偕醫療財團法人新竹馬偕紀念醫院,區域醫院,0.0000,43.0000,0.0000,9,55.8810,4,0.0952,10018,10018010
2022年下半年度,1112010519,台灣基督長老教會馬偕醫療財團法人新竹馬偕紀念醫院,區域醫院,0.0000,21.0000,0.0000,7,54.5238,3,0.1429,10018,10018010
2023年上半年度,1112010519,台灣基督長老教會馬偕醫療財團法人新竹馬偕紀念醫院,區域醫院,2.0000,12.0000,0.1667,6,56.9167,2,0.1667,10018,10018010
2022年上半年度,1112010528,國泰醫療財團法人新竹國泰綜合醫院,地區醫院,6.0000,7.0000,0.8571,2,62.8571,1,0.1429,10018,10018010
2022年全年度,1112010528,國泰醫療財團法人新竹國泰綜合醫院,地區醫院,12.0000,18.0000,0.6667,2,63.2222,2,0.1111,10018,10018010
2022年下半年度,1112010528,國泰醫療財團法人新竹國泰綜合醫院,地區醫院,6.0000,11.0000,0.5455,2,63.4545,1,0.0909,10018,10018010
2023年上半年度,1112010528,國泰醫療財團法人新竹國泰綜合醫院,地區醫院,6.0000,10.0000,0.6000,2,61.3000,0,0.0000,10018,10018010
2022年上半年度,1121010018,台灣基督長老教會新樓醫療財團法人台南新樓醫院,區域醫院,0.0000,17.0000,0.0000,3,62.6471,1,0.0588,10021,10021010
2022年上半年度,1121010018,台灣基督長老教會新樓醫療財團法人台南新樓醫院,區域醫院,0.0000,17.0000,0.0000,3,62.6471,1,0.0588,10021,10021010
2022年全年度,1121010018,台灣基督長老教會新樓醫療財團法人台南新樓醫院,區域醫院,2.0000,32.0000,0.0625,3,62.5000,2,0.0625,10021,10021010
2022年全年度,1121010018,台灣基督長老教會新樓醫療財團法人台南新樓醫院,區域醫院,2.0000,32.0000,0.0625,3,62.5000,2,0.0625,10021,10021010
2022年下半年度,1121010018,台灣基督長老教會新樓醫療財團法人台南新樓醫院,區域醫院,2.0000,15.0000,0.1333,3,62.3333,1,0.0667,10021,10021010
2022年下半年度,1121010018,台灣基督長老教會新樓醫療財團法人台南新樓醫院,區域醫院,2.0000,15.0000,0.1333,3,62.3333,1,0.0667,10021,10021010
2023年上半年度,1121010018,台灣基督長老教會新樓醫療財團法人台南新樓醫院,區域醫院,1.0000,16.0000,0.0625,4,63.6250,2,0.1250,10021,10021010
2023年上半年度,1121010018,台灣基督長老教會新樓醫療財團法人台南新樓醫院,區域醫院,1.0000,16.0000,0.0625,4,63.6250,2,0.1250,10021,10021010
2022年上半年度,1122010012,戴德森醫療財團法人嘉義基督教醫院,區域醫院,37.0000,44.0000,0.8409,11,63.1163,7,0.1628,10020,10020010
2022年全年度,1122010012,戴德森醫療財團法人嘉義基督教醫院,區域醫院,73.0000,84.0000,0.8690,13,62.4512,13,0.1585,10020,10020010
2022年下半年度,1122010012,戴德森醫療財團法人嘉義基督教醫院,區域醫院,36.0000,40.0000,0.9000,10,61.7179,6,0.1538,10020,10020010
2023年上半年度,1122010012,戴德森醫療財團法人嘉義基督教醫院,區域醫院,34.0000,39.0000,0.8718,10,60.0811,5,0.1351,10020,10020010
2022年上半年度,1122010021,天主教中華聖母修女會醫療財團法人天主教聖馬爾定醫院,區域醫院,1.0000,7.0000,0.1429,3,59.1429,0,0.0000,10020,10020010
2022年全年度,1122010021,天主教中華聖母修女會醫療財團法人天主教聖馬爾定醫院,區域醫院,1.0000,16.0000,0.0625,5,57.2667,2,0.1333,10020,10020010
2022年下半年度,1122010021,天主教中華聖母修女會醫療財團法人天主教聖馬爾定醫院,區域醫院,0.0000,9.0000,0.0000,4,55.6250,2,0.2500,10020,10020010
2023年上半年度,1122010021,天主教中華聖母修女會醫療財團法人天主教聖馬爾定醫院,區域醫院,0.0000,19.0000,0.0000,2,59.3684,3,0.1579,10020,10020010
2022年上半年度,1131010011,醫療財團法人徐元智先生醫藥基金會亞東紀念醫院,醫學中心,60.0000,64.0000,0.9375,19,58.3750,4,0.0625,65000,65000010
2022年全年度,1131010011,醫療財團法人徐元智先生醫藥基金會亞東紀念醫院,醫學中心,116.0000,122.0000,0.9508,22,58.8099,13,0.1074,65000,65000010
2022年下半年度,1131010011,醫療財團法人徐元智先生醫藥基金會亞東紀念醫院,醫學中心,56.0000,58.0000,0.9655,16,59.3448,9,0.1552,65000,65000010
2023年上半年度,1131010011,醫療財團法人徐元智先生醫藥基金會亞東紀念醫院,醫學中心,73.0000,73.0000,1.0000,17,59.7917,5,0.0694,65000,65000010
2022年上半年度,1131050515,佛教慈濟醫療財團法人台北慈濟醫院,醫學中心,18.0000,21.0000,0.8571,10,62.7619,2,0.0952,65000,65000060
2022年全年度,1131050515,佛教慈濟醫療財團法人台北慈濟醫院,醫學中心,33.0000,41.0000,0.8049,12,61.9024,2,0.0488,65000,65000060
2022年下半年度,1131050515,佛教慈濟醫療財團法人台北慈濟醫院,醫學中心,15.0000,20.0000,0.7500,9,61.0000,0,0.0000,65000,65000060
2023年上半年度,1131050515,佛教慈濟醫療財團法人台北慈濟醫院,醫學中心,13.0000,20.0000,0.6500,8,62.0500,3,0.1500,65000,65000060
2022年上半年度,1131090019,行天宮醫療志業醫療財團法人恩主公醫院,區域醫院,11.0000,18.0000,0.6111,6,57.8889,3,0.1667,65000,65000090
2022年全年度,1131090019,行天宮醫療志業醫療財團法人恩主公醫院,區域醫院,24.0000,33.0000,0.7273,6,60.2813,5,0.1563,65000,65000090
2022年下半年度,1131090019,行天宮醫療志業醫療財團法人恩主公醫院,區域醫院,13.0000,15.0000,0.8667,5,63.3571,2,0.1429,65000,65000090
2023年上半年度,1131090019,行天宮醫療志業醫療財團法人恩主公醫院,區域醫院,12.0000,15.0000,0.8000,6,63.8000,0,0.0000,65000,65000090
2022年上半年度,1131110516,國泰醫療財團法人汐止國泰綜合醫院,區域醫院,22.0000,30.0000,0.7333,5,60.0357,1,0.0357,65000,65000110
2022年全年度,1131110516,國泰醫療財團法人汐止國泰綜合醫院,區域醫院,41.0000,50.0000,0.8200,6,61.7083,3,0.0625,65000,65000110
2022年下半年度,1131110516,國泰醫療財團法人汐止國泰綜合醫院,區域醫院,19.0000,20.0000,0.9500,6,64.0500,2,0.1000,65000,65000110
2023年上半年度,1131110516,國泰醫療財團法人汐止國泰綜合醫院,區域醫院,19.0000,23.0000,0.8261,5,63.6522,0,0.0000,65000,65000110
2022年上半年度,1131130018,新北市立土城醫院（委託長庚醫療財團法人興建經營）,區域醫院,6.0000,22.0000,0.2727,7,62.1364,3,0.1364,65000,65000130
2022年全年度,1131130018,新北市立土城醫院（委託長庚醫療財團法人興建經營）,區域醫院,24.0000,49.0000,0.4898,8,62.6939,5,0.1020,65000,65000130
2022年下半年度,1131130018,新北市立土城醫院（委託長庚醫療財團法人興建經營）,區域醫院,18.0000,27.0000,0.6667,8,63.1481,2,0.0741,65000,65000130
2023年上半年度,1131130018,新北市立土城醫院（委託長庚醫療財團法人興建經營）,區域醫院,11.0000,24.0000,0.4583,6,57.8333,4,0.1667,65000,65000130
2022年上半年度,1132010024,沙爾德聖保祿修女會醫療財團法人聖保祿醫院,區域醫院,1.0000,15.0000,0.0667,6,55.4000,0,0.0000,68000,68000010
2022年全年度,1132010024,沙爾德聖保祿修女會醫療財團法人聖保祿醫院,區域醫院,2.0000,39.0000,0.0513,11,55.8205,2,0.0513,68000,68000010
2022年下半年度,1132010024,沙爾德聖保祿修女會醫療財團法人聖保祿醫院,區域醫院,1.0000,24.0000,0.0417,9,56.0833,2,0.0833,68000,68000010
2023年上半年度,1132010024,沙爾德聖保祿修女會醫療財團法人聖保祿醫院,區域醫院,1.0000,35.0000,0.0286,4,63.6857,3,0.0857,68000,68000010
2022年上半年度,1132070011,長庚醫療財團法人林口長庚紀念醫院,醫學中心,21.0000,91.0000,0.2308,42,62.7692,12,0.1319,68000,68000070
2022年全年度,1132070011,長庚醫療財團法人林口長庚紀念醫院,醫學中心,45.0000,176.0000,0.2557,54,61.3125,17,0.0966,68000,68000070
2022年下半年度,1132070011,長庚醫療財團法人林口長庚紀念醫院,醫學中心,24.0000,85.0000,0.2824,40,59.7529,5,0.0588,68000,68000070
2023年上半年度,1132070011,長庚醫療財團法人林口長庚紀念醫院,醫學中心,25.0000,75.0000,0.3333,37,62.6667,11,0.1467,68000,68000070
2022年上半年度,1133060019,天主教仁慈醫療財團法人仁慈醫院,地區醫院,0.0000,1.0000,0.0000,1,61.0000,1,1.0000,10004,10004050
2022年全年度,1133060019,天主教仁慈醫療財團法人仁慈醫院,地區醫院,0.0000,1.0000,0.0000,1,61.0000,1,1.0000,10004,10004050
2022年上半年度,1134010022,宜蘭仁愛醫療財團法人宜蘭仁愛醫院,地區醫院,0.0000,1.0000,0.0000,1,72.0000,0,0.0000,10002,10002010
2022年全年度,1134010022,宜蘭仁愛醫療財團法人宜蘭仁愛醫院,地區醫院,0.0000,1.0000,0.0000,1,72.0000,0,0.0000,10002,10002010
2022年上半年度,1134020019,醫療財團法人羅許基金會羅東博愛醫院,區域醫院,19.0000,25.0000,0.7600,8,57.9600,3,0.1200,10002,10002020
2022年全年度,1134020019,醫療財團法人羅許基金會羅東博愛醫院,區域醫院,46.0000,54.0000,0.8519,8,62.1132,7,0.1321,10002,10002020
2022年下半年度,1134020019,醫療財團法人羅許基金會羅東博愛醫院,區域醫院,27.0000,29.0000,0.9310,7,65.8214,4,0.1429,10002,10002020
2023年上半年度,1134020019,醫療財團法人羅許基金會羅東博愛醫院,區域醫院,23.0000,27.0000,0.8519,6,62.6667,2,0.0741,10002,10002020
2022年上半年度,1134020028,天主教靈醫會醫療財團法人羅東聖母醫院,區域醫院,0.0000,3.0000,0.0000,1,63.6667,0,0.0000,10002,10002020
2022年全年度,1134020028,天主教靈醫會醫療財團法人羅東聖母醫院,區域醫院,0.0000,10.0000,0.0000,3,64.4000,0,0.0000,10002,10002020
2022年下半年度,1134020028,天主教靈醫會醫療財團法人羅東聖母醫院,區域醫院,0.0000,7.0000,0.0000,3,64.7143,0,0.0000,10002,10002020
2023年上半年度,1134020028,天主教靈醫會醫療財團法人羅東聖母醫院,區域醫院,0.0000,6.0000,0.0000,4,74.8333,0,0.0000,10002,10002020
2022年上半年度,1135050020,為恭醫療財團法人為恭紀念醫院,區域醫院,1.0000,17.0000,0.0588,4,53.8824,0,0.0000,10005,10005050
2022年全年度,1135050020,為恭醫療財團法人為恭紀念醫院,區域醫院,2.0000,33.0000,0.0606,4,59.4242,0,0.0000,10005,10005050
2022年下半年度,1135050020,為恭醫療財團法人為恭紀念醫院,區域醫院,1.0000,16.0000,0.0625,4,65.3125,0,0.0000,10005,10005050
2023年上半年度,1135050020,為恭醫療財團法人為恭紀念醫院,區域醫院,2.0000,19.0000,0.1053,4,62.7368,3,0.1579,10005,10005050
2022年上半年度,1136090519,佛教慈濟醫療財團法人台中慈濟醫院,區域醫院,0.0000,21.0000,0.0000,7,62.5238,3,0.1429,66000,66000170
2022年上半年度,1136090519,佛教慈濟醫療財團法人台中慈濟醫院,區域醫院,0.0000,21.0000,0.0000,7,62.5238,3,0.1429,66000,66000170
2022年全年度,1136090519,佛教慈濟醫療財團法人台中慈濟醫院,區域醫院,3.0000,38.0000,0.0789,9,60.5526,3,0.0789,66000,66000170
2022年全年度,1136090519,佛教慈濟醫療財團法人台中慈濟醫院,區域醫院,3.0000,38.0000,0.0789,9,60.5526,3,0.0789,66000,66000170
2022年下半年度,1136090519,佛教慈濟醫療財團法人台中慈濟醫院,區域醫院,3.0000,17.0000,0.1765,6,58.1176,0,0.0000,66000,66000170
2022年下半年度,1136090519,佛教慈濟醫療財團法人台中慈濟醫院,區域醫院,3.0000,17.0000,0.1765,6,58.1176,0,0.0000,66000,66000170
2023年上半年度,1136090519,佛教慈濟醫療財團法人台中慈濟醫院,區域醫院,1.0000,19.0000,0.0526,4,62.7895,3,0.1579,66000,66000170
2023年上半年度,1136090519,佛教慈濟醫療財團法人台中慈濟醫院,區域醫院,1.0000,19.0000,0.0526,4,62.7895,3,0.1579,66000,66000170
2022年上半年度,1136200015,仁愛醫療財團法人大里仁愛醫院,區域醫院,0.0000,21.0000,0.0000,5,57.3333,2,0.0952,66000,66000280
2022年上半年度,1136200015,仁愛醫療財團法人大里仁愛醫院,區域醫院,0.0000,21.0000,0.0000,5,57.3333,2,0.0952,66000,66000280
2022年全年度,1136200015,仁愛醫療財團法人大里仁愛醫院,區域醫院,0.0000,35.0000,0.0000,6,55.5294,2,0.0588,66000,66000280
2022年全年度,1136200015,仁愛醫療財團法人大里仁愛醫院,區域醫院,0.0000,35.0000,0.0000,6,55.5294,2,0.0588,66000,66000280
2022年下半年度,1136200015,仁愛醫療財團法人大里仁愛醫院,區域醫院,0.0000,14.0000,0.0000,4,52.8571,0,0.0000,66000,66000280
2022年下半年度,1136200015,仁愛醫療財團法人大里仁愛醫院,區域醫院,0.0000,14.0000,0.0000,4,52.8571,0,0.0000,66000,66000280
2023年上半年度,1136200015,仁愛醫療財團法人大里仁愛醫院,區域醫院,0.0000,18.0000,0.0000,5,59.2222,1,0.0556,66000,66000280
2023年上半年度,1136200015,仁愛醫療財團法人大里仁愛醫院,區域醫院,0.0000,18.0000,0.0000,5,59.2222,1,0.0556,66000,66000280
2022年上半年度,1137010024,彰化基督教醫療財團法人彰化基督教醫院,醫學中心,2.0000,54.0000,0.0370,13,63.4151,9,0.1698,10007,10007010
2022年全年度,1137010024,彰化基督教醫療財團法人彰化基督教醫院,醫學中心,4.0000,112.0000,0.0357,16,61.9727,16,0.1455,10007,10007010
2022年下半年度,1137010024,彰化基督教醫療財團法人彰化基督教醫院,醫學中心,2.0000,58.0000,0.0345,14,60.6316,7,0.1228,10007,10007010
2023年上半年度,1137010024,彰化基督教醫療財團法人彰化基督教醫院,醫學中心,2.0000,48.0000,0.0417,14,60.4681,7,0.1489,10007,10007010
2022年上半年度,1137020511,秀傳醫療財團法人彰濱秀傳紀念醫院,區域醫院,1.0000,8.0000,0.1250,3,52.0000,2,0.2500,10007,10007020
2022年全年度,1137020511,秀傳醫療財團法人彰濱秀傳紀念醫院,區域醫院,1.0000,15.0000,0.0667,3,56.5333,2,0.1333,10007,10007020
2022年下半年度,1137020511,秀傳醫療財團法人彰濱秀傳紀念醫院,區域醫院,0.0000,7.0000,0.0000,3,61.7143,0,0.0000,10007,10007020
2023年上半年度,1137020511,秀傳醫療財團法人彰濱秀傳紀念醫院,區域醫院,0.0000,5.0000,0.0000,3,47.8000,0,0.0000,10007,10007020
2022年全年度,1137020520,彰化基督教醫療財團法人鹿港基督教醫院,地區醫院,1.0000,1.0000,1.0000,1,59.0000,0,0.0000,10007,10007020
2022年下半年度,1137020520,彰化基督教醫療財團法人鹿港基督教醫院,地區醫院,1.0000,1.0000,1.0000,1,59.0000,0,0.0000,10007,10007020
2022年上半年度,1137050019,彰化基督教醫療財團法人員林基督教醫院,地區醫院,0.0000,15.0000,0.0000,6,58.0667,4,0.2667,10007,10007100
2022年全年度,1137050019,彰化基督教醫療財團法人員林基督教醫院,地區醫院,0.0000,39.0000,0.0000,6,57.6842,5,0.1316,10007,10007100
2022年下半年度,1137050019,彰化基督教醫療財團法人員林基督教醫院,地區醫院,0.0000,24.0000,0.0000,4,57.4348,1,0.0435,10007,10007100
2023年上半年度,1137050019,彰化基督教醫療財團法人員林基督教醫院,地區醫院,1.0000,28.0000,0.0357,4,57.6296,7,0.2593,10007,10007100
2022年上半年度,1138010019,彰化基督教醫療財團法人南投基督教醫院,地區醫院,0.0000,1.0000,0.0000,1,84.0000,1,1.0000,10008,10008010
2022年全年度,1138010019,彰化基督教醫療財團法人南投基督教醫院,地區醫院,0.0000,1.0000,0.0000,1,84.0000,1,1.0000,10008,10008010
2022年上半年度,1138020015,埔基醫療財團法人埔里基督教醫院,區域醫院,0.0000,8.0000,0.0000,2,56.1250,0,0.0000,10008,10008020
2022年全年度,1138020015,埔基醫療財團法人埔里基督教醫院,區域醫院,1.0000,20.0000,0.0500,2,59.7895,0,0.0000,10008,10008020
2022年下半年度,1138020015,埔基醫療財團法人埔里基督教醫院,區域醫院,1.0000,12.0000,0.0833,2,62.2500,0,0.0000,10008,10008020
2023年上半年度,1138020015,埔基醫療財團法人埔里基督教醫院,區域醫院,1.0000,13.0000,0.0769,3,62.0000,1,0.0769,10008,10008020
2022年上半年度,1139040011,彰化基督教醫療財團法人雲林基督教醫院,地區醫院,0.0000,3.0000,0.0000,3,63.0000,0,0.0000,10009,10009040
2022年全年度,1139040011,彰化基督教醫療財團法人雲林基督教醫院,地區醫院,0.0000,9.0000,0.0000,3,56.7778,2,0.2222,10009,10009040
2022年下半年度,1139040011,彰化基督教醫療財團法人雲林基督教醫院,地區醫院,0.0000,6.0000,0.0000,2,53.6667,2,0.3333,10009,10009040
2023年上半年度,1139040011,彰化基督教醫療財團法人雲林基督教醫院,地區醫院,2.0000,8.0000,0.2500,3,54.0000,1,0.1250,10009,10009040
2022年上半年度,1140010510,長庚醫療財團法人嘉義長庚紀念醫院,區域醫院,18.0000,26.0000,0.6923,9,64.1538,5,0.1923,10010,10010020
2022年全年度,1140010510,長庚醫療財團法人嘉義長庚紀念醫院,區域醫院,39.0000,51.0000,0.7647,10,64.4600,10,0.2000,10010,10010020
2022年下半年度,1140010510,長庚醫療財團法人嘉義長庚紀念醫院,區域醫院,21.0000,25.0000,0.8400,7,64.7917,5,0.2083,10010,10010020
2023年上半年度,1140010510,長庚醫療財團法人嘉義長庚紀念醫院,區域醫院,21.0000,29.0000,0.7241,9,60.7931,6,0.2069,10010,10010020
2022年上半年度,1140030012,佛教慈濟醫療財團法人大林慈濟醫院,區域醫院,3.0000,9.0000,0.3333,4,60.5556,1,0.1111,10010,10010040
2022年全年度,1140030012,佛教慈濟醫療財團法人大林慈濟醫院,區域醫院,5.0000,17.0000,0.2941,6,60.8824,1,0.0588,10010,10010040
2022年下半年度,1140030012,佛教慈濟醫療財團法人大林慈濟醫院,區域醫院,2.0000,8.0000,0.2500,5,61.2500,0,0.0000,10010,10010040
2023年上半年度,1140030012,佛教慈濟醫療財團法人大林慈濟醫院,區域醫院,1.0000,7.0000,0.1429,4,61.5714,0,0.0000,10010,10010040
2022年上半年度,1141090512,奇美醫療財團法人柳營奇美醫院,區域醫院,25.0000,35.0000,0.7143,10,61.2647,2,0.0588,10021,67000040
2022年上半年度,1141090512,奇美醫療財團法人柳營奇美醫院,區域醫院,25.0000,35.0000,0.7143,10,61.2647,2,0.0588,10021,67000040
2022年全年度,1141090512,奇美醫療財團法人柳營奇美醫院,區域醫院,51.0000,70.0000,0.7286,10,61.0435,8,0.1159,10021,67000040
2022年全年度,1141090512,奇美醫療財團法人柳營奇美醫院,區域醫院,51.0000,70.0000,0.7286,10,61.0435,8,0.1159,10021,67000040
2022年下半年度,1141090512,奇美醫療財團法人柳營奇美醫院,區域醫院,26.0000,35.0000,0.7429,9,60.8286,6,0.1714,10021,67000040
2022年下半年度,1141090512,奇美醫療財團法人柳營奇美醫院,區域醫院,26.0000,35.0000,0.7429,9,60.8286,6,0.1714,10021,67000040
2023年上半年度,1141090512,奇美醫療財團法人柳營奇美醫院,區域醫院,42.0000,49.0000,0.8571,9,62.6122,5,0.1020,10021,67000040
2023年上半年度,1141090512,奇美醫療財團法人柳營奇美醫院,區域醫院,42.0000,49.0000,0.8571,9,62.6122,5,0.1020,10021,67000040
2022年上半年度,1141310019,奇美醫療財團法人奇美醫院,醫學中心,36.0000,48.0000,0.7500,11,58.6667,3,0.0625,10021,67000310
2022年上半年度,1141310019,奇美醫療財團法人奇美醫院,醫學中心,36.0000,48.0000,0.7500,11,58.6667,3,0.0625,10021,67000310
2022年全年度,1141310019,奇美醫療財團法人奇美醫院,醫學中心,88.0000,109.0000,0.8073,16,57.6789,13,0.1193,10021,67000310
2022年全年度,1141310019,奇美醫療財團法人奇美醫院,醫學中心,88.0000,109.0000,0.8073,16,57.6789,13,0.1193,10021,67000310
2022年下半年度,1141310019,奇美醫療財團法人奇美醫院,醫學中心,52.0000,61.0000,0.8525,13,56.9016,10,0.1639,10021,67000310
2022年下半年度,1141310019,奇美醫療財團法人奇美醫院,醫學中心,52.0000,61.0000,0.8525,13,56.9016,10,0.1639,10021,67000310
2023年上半年度,1141310019,奇美醫療財團法人奇美醫院,醫學中心,33.0000,49.0000,0.6735,11,62.9167,6,0.1250,10021,67000310
2023年上半年度,1141310019,奇美醫療財團法人奇美醫院,醫學中心,33.0000,49.0000,0.6735,11,62.9167,6,0.1250,10021,67000310
2022年上半年度,1142100017,長庚醫療財團法人高雄長庚紀念醫院,醫學中心,28.0000,72.0000,0.3889,25,59.1972,10,0.1408,64000,64000180
2022年上半年度,1142100017,長庚醫療財團法人高雄長庚紀念醫院,醫學中心,28.0000,72.0000,0.3889,25,59.1972,10,0.1408,64000,64000180
2022年全年度,1142100017,長庚醫療財團法人高雄長庚紀念醫院,醫學中心,66.0000,146.0000,0.4521,30,59.3125,20,0.1389,64000,64000180
2022年全年度,1142100017,長庚醫療財團法人高雄長庚紀念醫院,醫學中心,66.0000,146.0000,0.4521,30,59.3125,20,0.1389,64000,64000180
2022年下半年度,1142100017,長庚醫療財團法人高雄長庚紀念醫院,醫學中心,38.0000,74.0000,0.5135,19,59.4247,10,0.1370,64000,64000180
2022年下半年度,1142100017,長庚醫療財團法人高雄長庚紀念醫院,醫學中心,38.0000,74.0000,0.5135,19,59.4247,10,0.1370,64000,64000180
2023年上半年度,1142100017,長庚醫療財團法人高雄長庚紀念醫院,醫學中心,26.0000,68.0000,0.3824,17,58.3529,8,0.1176,64000,64000180
2023年上半年度,1142100017,長庚醫療財團法人高雄長庚紀念醫院,醫學中心,26.0000,68.0000,0.3824,17,58.3529,8,0.1176,64000,64000180
2022年上半年度,1142120001,義大醫療財團法人義大醫院,區域醫院,33.0000,41.0000,0.8049,8,62.7317,3,0.0732,64000,64000210
2022年上半年度,1142120001,義大醫療財團法人義大醫院,區域醫院,33.0000,41.0000,0.8049,8,62.7317,3,0.0732,64000,64000210
2022年全年度,1142120001,義大醫療財團法人義大醫院,區域醫院,55.0000,78.0000,0.7051,11,60.9103,7,0.0897,64000,64000210
2022年全年度,1142120001,義大醫療財團法人義大醫院,區域醫院,55.0000,78.0000,0.7051,11,60.9103,7,0.0897,64000,64000210
2022年下半年度,1142120001,義大醫療財團法人義大醫院,區域醫院,22.0000,37.0000,0.5946,8,58.8919,4,0.1081,64000,64000210
2022年下半年度,1142120001,義大醫療財團法人義大醫院,區域醫院,22.0000,37.0000,0.5946,8,58.8919,4,0.1081,64000,64000210
2023年上半年度,1142120001,義大醫療財團法人義大醫院,區域醫院,30.0000,41.0000,0.7317,9,59.3415,4,0.0976,64000,64000210
2023年上半年度,1142120001,義大醫療財團法人義大醫院,區域醫院,30.0000,41.0000,0.7317,9,59.3415,4,0.0976,64000,64000210
2022年上半年度,1143010012,屏基醫療財團法人屏東基督教醫院,區域醫院,0.0000,45.0000,0.0000,6,61.0000,6,0.1364,10013,10013010
2022年全年度,1143010012,屏基醫療財團法人屏東基督教醫院,區域醫院,0.0000,83.0000,0.0000,6,60.4268,10,0.1220,10013,10013010
2022年下半年度,1143010012,屏基醫療財團法人屏東基督教醫院,區域醫院,0.0000,38.0000,0.0000,6,59.7632,4,0.1053,10013,10013010
2023年上半年度,1143010012,屏基醫療財團法人屏東基督教醫院,區域醫院,4.0000,42.0000,0.0952,6,62.7857,9,0.2143,10013,10013010
2022年上半年度,1145010010,佛教慈濟醫療財團法人花蓮慈濟醫院,醫學中心,14.0000,34.0000,0.4118,5,60.7059,4,0.1176,10015,10015010
2022年全年度,1145010010,佛教慈濟醫療財團法人花蓮慈濟醫院,醫學中心,26.0000,68.0000,0.3824,8,58.5735,8,0.1176,10015,10015010
2022年下半年度,1145010010,佛教慈濟醫療財團法人花蓮慈濟醫院,醫學中心,12.0000,34.0000,0.3529,8,56.4412,4,0.1176,10015,10015010
2023年上半年度,1145010010,佛教慈濟醫療財團法人花蓮慈濟醫院,醫學中心,11.0000,39.0000,0.2821,9,61.0833,3,0.0833,10015,10015010
2022年上半年度,1145010038,臺灣基督教門諾會醫療財團法人門諾醫院,區域醫院,2.0000,10.0000,0.2000,4,52.2000,1,0.1000,10015,10015010
2022年全年度,1145010038,臺灣基督教門諾會醫療財團法人門諾醫院,區域醫院,7.0000,19.0000,0.3684,6,55.4211,1,0.0526,10015,10015010
2022年下半年度,1145010038,臺灣基督教門諾會醫療財團法人門諾醫院,區域醫院,5.0000,9.0000,0.5556,4,59.0000,0,0.0000,10015,10015010
2023年上半年度,1145010038,臺灣基督教門諾會醫療財團法人門諾醫院,區域醫院,3.0000,8.0000,0.3750,3,58.3750,0,0.0000,10015,10015010
2022年上半年度,1145030012,佛教慈濟醫療財團法人玉里慈濟醫院,地區醫院,0.0000,1.0000,0.0000,1,92.0000,0,0.0000,10015,10015030
2022年全年度,1145030012,佛教慈濟醫療財團法人玉里慈濟醫院,地區醫院,0.0000,1.0000,0.0000,1,92.0000,0,0.0000,10015,10015030
2022年上半年度,1146010014,台灣基督長老教會馬偕醫療財團法人台東馬偕紀念醫院,區域醫院,0.0000,27.0000,0.0000,8,58.9630,5,0.1852,10014,10014010
2022年全年度,1146010014,台灣基督長老教會馬偕醫療財團法人台東馬偕紀念醫院,區域醫院,3.0000,55.0000,0.0545,9,58.0182,11,0.2000,10014,10014010
2022年下半年度,1146010014,台灣基督長老教會馬偕醫療財團法人台東馬偕紀念醫院,區域醫院,3.0000,28.0000,0.1071,8,57.1071,6,0.2143,10014,10014010
2023年上半年度,1146010014,台灣基督長老教會馬偕醫療財團法人台東馬偕紀念醫院,區域醫院,8.0000,26.0000,0.3077,8,59.8462,2,0.0769,10014,10014010
2023年上半年度,1146010032,東基醫療財團法人台東基督教醫院,地區醫院,0.0000,1.0000,0.0000,1,57.0000,0,0.0000,10014,10014010
2022年上半年度,1231030015,天主教耕莘醫療財團法人永和耕莘醫院,地區醫院,1.0000,5.0000,0.2000,2,60.2000,1,0.2000,65000,65000040
2022年全年度,1231030015,天主教耕莘醫療財團法人永和耕莘醫院,地區醫院,1.0000,14.0000,0.0714,3,57.5714,2,0.1429,65000,65000040
2022年下半年度,1231030015,天主教耕莘醫療財團法人永和耕莘醫院,地區醫院,0.0000,9.0000,0.0000,2,56.1111,1,0.1111,65000,65000040
2023年上半年度,1231030015,天主教耕莘醫療財團法人永和耕莘醫院,地區醫院,0.0000,11.0000,0.0000,3,60.4545,0,0.0000,65000,65000040
2022年上半年度,1231050017,天主教耕莘醫療財團法人耕莘醫院,區域醫院,9.0000,29.0000,0.3103,5,61.5714,1,0.0357,65000,65000060
2022年全年度,1231050017,天主教耕莘醫療財團法人耕莘醫院,區域醫院,17.0000,56.0000,0.3036,7,61.1111,1,0.0185,65000,65000060
2022年下半年度,1231050017,天主教耕莘醫療財團法人耕莘醫院,區域醫院,8.0000,27.0000,0.2963,7,60.4815,0,0.0000,65000,65000060
2023年上半年度,1231050017,天主教耕莘醫療財團法人耕莘醫院,區域醫院,6.0000,21.0000,0.2857,6,63.3333,1,0.0476,65000,65000060
2022年上半年度,1301170017,臺北醫學大學附設醫院,區域醫院,18.0000,24.0000,0.7500,10,59.8696,4,0.1739,63000,63000020
2022年全年度,1301170017,臺北醫學大學附設醫院,區域醫院,37.0000,53.0000,0.6981,15,59.4510,6,0.1176,63000,63000020
2022年下半年度,1301170017,臺北醫學大學附設醫院,區域醫院,19.0000,29.0000,0.6552,12,59.1071,2,0.0714,63000,63000020
2023年上半年度,1301170017,臺北醫學大學附設醫院,區域醫院,30.0000,41.0000,0.7317,12,63.6923,5,0.1282,63000,63000020
2022年上半年度,1301200010,臺北市立萬芳醫院－委託臺北醫學大學辦理,醫學中心,23.0000,24.0000,0.9583,9,56.6667,6,0.2500,63000,63000080
2022年全年度,1301200010,臺北市立萬芳醫院－委託臺北醫學大學辦理,醫學中心,44.0000,46.0000,0.9565,11,58.8261,9,0.1957,63000,63000080
2022年下半年度,1301200010,臺北市立萬芳醫院－委託臺北醫學大學辦理,醫學中心,21.0000,22.0000,0.9545,10,61.1818,3,0.1364,63000,63000080
2023年上半年度,1301200010,臺北市立萬芳醫院－委託臺北醫學大學辦理,醫學中心,21.0000,25.0000,0.8400,12,58.6400,3,0.1200,63000,63000080
2022年上半年度,1302050014,財團法人私立高雄醫學大學附設中和紀念醫院,醫學中心,34.0000,44.0000,0.7727,15,57.0000,2,0.0455,64000,64000050
2022年上半年度,1302050014,財團法人私立高雄醫學大學附設中和紀念醫院,醫學中心,34.0000,44.0000,0.7727,15,57.0000,2,0.0455,64000,64000050
2022年全年度,1302050014,財團法人私立高雄醫學大學附設中和紀念醫院,醫學中心,50.0000,83.0000,0.6024,17,58.5663,5,0.0602,64000,64000050
2022年全年度,1302050014,財團法人私立高雄醫學大學附設中和紀念醫院,醫學中心,50.0000,83.0000,0.6024,17,58.5663,5,0.0602,64000,64000050
2022年下半年度,1302050014,財團法人私立高雄醫學大學附設中和紀念醫院,醫學中心,16.0000,39.0000,0.4103,13,60.3333,3,0.0769,64000,64000050
2022年下半年度,1302050014,財團法人私立高雄醫學大學附設中和紀念醫院,醫學中心,16.0000,39.0000,0.4103,13,60.3333,3,0.0769,64000,64000050
2023年上半年度,1302050014,財團法人私立高雄醫學大學附設中和紀念醫院,醫學中心,22.0000,37.0000,0.5946,13,58.9459,5,0.1351,64000,64000050
2023年上半年度,1302050014,財團法人私立高雄醫學大學附設中和紀念醫院,醫學中心,22.0000,37.0000,0.5946,13,58.9459,5,0.1351,64000,64000050
2022年上半年度,1303180011,亞洲大學附屬醫院,區域醫院,12.0000,19.0000,0.6316,6,58.4444,4,0.2222,66000,66000260
2022年全年度,1303180011,亞洲大學附屬醫院,區域醫院,24.0000,39.0000,0.6154,6,60.5135,7,0.1892,66000,66000260
2022年下半年度,1303180011,亞洲大學附屬醫院,區域醫院,12.0000,20.0000,0.6000,5,62.4000,3,0.1500,66000,66000260
2023年上半年度,1303180011,亞洲大學附屬醫院,區域醫院,22.0000,25.0000,0.8800,7,59.1739,4,0.1739,66000,66000260
2022年上半年度,1305370013,臺南市立安南醫院-委託中國醫藥大學興建經營,區域醫院,1.0000,19.0000,0.0526,3,58.0526,0,0.0000,10021,10021060
2022年全年度,1305370013,臺南市立安南醫院-委託中國醫藥大學興建經營,區域醫院,1.0000,48.0000,0.0208,8,56.6458,2,0.0417,10021,10021060
2022年下半年度,1305370013,臺南市立安南醫院-委託中國醫藥大學興建經營,區域醫院,0.0000,29.0000,0.0000,8,55.7241,2,0.0690,10021,10021060
2023年上半年度,1305370013,臺南市立安南醫院-委託中國醫藥大學興建經營,區域醫院,1.0000,18.0000,0.0556,7,60.5000,1,0.0556,10021,10021060
2022年上半年度,1317040011,中山醫學大學附設醫院,醫學中心,22.0000,28.0000,0.7857,9,60.0000,4,0.1481,66000,10019030
2022年上半年度,1317040011,中山醫學大學附設醫院,醫學中心,22.0000,28.0000,0.7857,9,60.0000,4,0.1481,66000,10019030
2022年全年度,1317040011,中山醫學大學附設醫院,醫學中心,40.0000,60.0000,0.6667,11,60.1525,8,0.1356,66000,10019030
2022年全年度,1317040011,中山醫學大學附設醫院,醫學中心,40.0000,60.0000,0.6667,11,60.1525,8,0.1356,66000,10019030
2022年下半年度,1317040011,中山醫學大學附設醫院,醫學中心,18.0000,32.0000,0.5625,9,60.2813,4,0.1250,66000,10019030
2022年下半年度,1317040011,中山醫學大學附設醫院,醫學中心,18.0000,32.0000,0.5625,9,60.2813,4,0.1250,66000,10019030
2023年上半年度,1317040011,中山醫學大學附設醫院,醫學中心,19.0000,30.0000,0.6333,10,59.4667,3,0.1000,66000,10019030
2023年上半年度,1317040011,中山醫學大學附設醫院,醫學中心,19.0000,30.0000,0.6333,10,59.4667,3,0.1000,66000,10019030
2022年上半年度,1317050017,中國醫藥大學附設醫院,醫學中心,30.0000,67.0000,0.4478,14,60.0299,4,0.0597,66000,10019050
2022年上半年度,1317050017,中國醫藥大學附設醫院,醫學中心,30.0000,67.0000,0.4478,14,60.0299,4,0.0597,66000,10019050
2022年全年度,1317050017,中國醫藥大學附設醫院,醫學中心,70.0000,135.0000,0.5185,23,59.2222,15,0.1111,66000,10019050
2022年全年度,1317050017,中國醫藥大學附設醫院,醫學中心,70.0000,135.0000,0.5185,23,59.2222,15,0.1111,66000,10019050
2022年下半年度,1317050017,中國醫藥大學附設醫院,醫學中心,40.0000,68.0000,0.5882,19,58.4265,11,0.1618,66000,10019050
2022年下半年度,1317050017,中國醫藥大學附設醫院,醫學中心,40.0000,68.0000,0.5882,19,58.4265,11,0.1618,66000,10019050
2023年上半年度,1317050017,中國醫藥大學附設醫院,醫學中心,53.0000,93.0000,0.5699,27,62.5333,21,0.2333,66000,10019050
2023年上半年度,1317050017,中國醫藥大學附設醫院,醫學中心,53.0000,93.0000,0.5699,27,62.5333,21,0.2333,66000,10019050
2022年上半年度,1331040513,衛生福利部雙和醫院〈委託臺北醫學大學興建經營〉,醫學中心,47.0000,67.0000,0.7015,15,63.1061,7,0.1061,65000,65000030
2022年全年度,1331040513,衛生福利部雙和醫院〈委託臺北醫學大學興建經營〉,醫學中心,82.0000,115.0000,0.7130,18,60.8158,12,0.1053,65000,65000030
2022年下半年度,1331040513,衛生福利部雙和醫院〈委託臺北醫學大學興建經營〉,醫學中心,35.0000,48.0000,0.7292,13,57.6667,5,0.1042,65000,65000030
2023年上半年度,1331040513,衛生福利部雙和醫院〈委託臺北醫學大學興建經營〉,醫學中心,31.0000,52.0000,0.5962,12,59.1923,8,0.1538,65000,65000030
2022年上半年度,1331160010,輔仁大學學校財團法人輔仁大學附設醫院,區域醫院,19.0000,26.0000,0.7308,9,61.3462,2,0.0769,65000,65000160
2022年全年度,1331160010,輔仁大學學校財團法人輔仁大學附設醫院,區域醫院,38.0000,51.0000,0.7451,9,58.5102,5,0.1020,65000,65000160
2022年下半年度,1331160010,輔仁大學學校財團法人輔仁大學附設醫院,區域醫院,19.0000,25.0000,0.7600,7,55.0000,3,0.1250,65000,65000160
2023年上半年度,1331160010,輔仁大學學校財團法人輔仁大學附設醫院,區域醫院,15.0000,22.0000,0.6818,10,60.4286,0,0.0000,65000,65000160
2022年上半年度,1333050017,中國醫藥大學新竹附設醫院,地區醫院,2.0000,12.0000,0.1667,4,59.5833,1,0.0833,10004,10004010
2022年全年度,1333050017,中國醫藥大學新竹附設醫院,地區醫院,4.0000,28.0000,0.1429,6,56.6296,4,0.1481,10004,10004010
2022年下半年度,1333050017,中國醫藥大學新竹附設醫院,地區醫院,2.0000,16.0000,0.1250,4,54.2667,3,0.2000,10004,10004010
2023年上半年度,1333050017,中國醫藥大學新竹附設醫院,地區醫院,0.0000,16.0000,0.0000,5,56.6250,2,0.1250,10004,10004010
2022年上半年度,1339060017,中國醫藥大學北港附設醫院,區域醫院,1.0000,23.0000,0.0435,3,62.3478,2,0.0870,10009,10009060
2022年全年度,1339060017,中國醫藥大學北港附設醫院,區域醫院,2.0000,44.0000,0.0455,5,61.5909,5,0.1136,10009,10009060
2022年下半年度,1339060017,中國醫藥大學北港附設醫院,區域醫院,1.0000,21.0000,0.0476,3,60.7619,3,0.1429,10009,10009060
2023年上半年度,1339060017,中國醫藥大學北港附設醫院,區域醫院,3.0000,22.0000,0.1364,2,63.2857,3,0.1429,10009,10009060
2022年上半年度,1343030018,輔英科技大學附設醫院,區域醫院,0.0000,2.0000,0.0000,1,58.0000,0,0.0000,10013,10013030
2022年全年度,1343030018,輔英科技大學附設醫院,區域醫院,1.0000,7.0000,0.1429,2,64.5000,0,0.0000,10013,10013030
2022年下半年度,1343030018,輔英科技大學附設醫院,區域醫院,1.0000,5.0000,0.2000,2,63.6000,0,0.0000,10013,10013030
2022年全年度,1436020013,東勢區農會附設農民醫院,地區醫院,0.0000,1.0000,0.0000,1,66.0000,0,0.0000,66000,66000100
2022年全年度,1436020013,東勢區農會附設農民醫院,地區醫院,0.0000,1.0000,0.0000,1,66.0000,0,0.0000,66000,66000100
2022年下半年度,1436020013,東勢區農會附設農民醫院,地區醫院,0.0000,1.0000,0.0000,1,66.0000,0,0.0000,66000,66000100
2022年下半年度,1436020013,東勢區農會附設農民醫院,地區醫院,0.0000,1.0000,0.0000,1,66.0000,0,0.0000,66000,66000100
2022年上半年度,1501010010,博仁綜合醫院,地區醫院,1.0000,2.0000,0.5000,1,52.0000,0,0.0000,63000,63000010
2022年全年度,1501010010,博仁綜合醫院,地區醫院,1.0000,2.0000,0.5000,1,52.0000,0,0.0000,63000,63000010
2022年全年度,1502040021,健仁醫院,地區醫院,0.0000,1.0000,0.0000,1,46.0000,1,1.0000,64000,64000040
2022年全年度,1502040021,健仁醫院,地區醫院,0.0000,1.0000,0.0000,1,46.0000,1,1.0000,64000,64000040
2022年下半年度,1502040021,健仁醫院,地區醫院,0.0000,1.0000,0.0000,1,46.0000,1,1.0000,64000,64000040
2022年下半年度,1502040021,健仁醫院,地區醫院,0.0000,1.0000,0.0000,1,46.0000,1,1.0000,64000,64000040
2023年上半年度,1502040021,健仁醫院,地區醫院,0.0000,1.0000,0.0000,1,61.0000,0,0.0000,64000,64000040
2023年上半年度,1502040021,健仁醫院,地區醫院,0.0000,1.0000,0.0000,1,61.0000,0,0.0000,64000,64000040
2022年上半年度,1502050170,祐生醫院,地區醫院,0.0000,1.0000,0.0000,1,61.0000,1,1.0000,64000,64000050
2022年上半年度,1502050170,祐生醫院,地區醫院,0.0000,1.0000,0.0000,1,61.0000,1,1.0000,64000,64000050
2022年全年度,1502050170,祐生醫院,地區醫院,0.0000,1.0000,0.0000,1,61.0000,1,1.0000,64000,64000050
2022年全年度,1502050170,祐生醫院,地區醫院,0.0000,1.0000,0.0000,1,61.0000,1,1.0000,64000,64000050
2022年上半年度,1503190020,長安醫院,地區醫院,0.0000,4.0000,0.0000,3,59.5000,1,0.2500,66000,66000270
2022年全年度,1503190020,長安醫院,地區醫院,0.0000,7.0000,0.0000,3,62.1429,1,0.1429,66000,66000270
2022年下半年度,1503190020,長安醫院,地區醫院,0.0000,3.0000,0.0000,2,65.6667,0,0.0000,66000,66000270
2023年上半年度,1503190020,長安醫院,地區醫院,0.0000,4.0000,0.0000,2,46.2500,0,0.0000,66000,66000270
2022年上半年度,1511010068,新昆明醫院,地區醫院,0.0000,1.0000,0.0000,1,80.0000,0,0.0000,10017,10017010
2022年全年度,1511010068,新昆明醫院,地區醫院,0.0000,1.0000,0.0000,1,80.0000,0,0.0000,10017,10017010
2022年上半年度,1512011185,南門綜合醫院,地區醫院,1.0000,16.0000,0.0625,3,58.5625,2,0.1250,10018,10018010
2022年全年度,1512011185,南門綜合醫院,地區醫院,2.0000,31.0000,0.0645,4,56.3871,3,0.0968,10018,10018010
2022年下半年度,1512011185,南門綜合醫院,地區醫院,1.0000,15.0000,0.0667,4,54.0667,1,0.0667,10018,10018010
2023年上半年度,1512011185,南門綜合醫院,地區醫院,0.0000,20.0000,0.0000,2,58.4500,2,0.1000,10018,10018010
2022年上半年度,1517061032,澄清綜合醫院中港分院,區域醫院,1.0000,12.0000,0.0833,6,54.0833,1,0.0833,66000,10019060
2022年上半年度,1517061032,澄清綜合醫院中港分院,區域醫院,1.0000,12.0000,0.0833,6,54.0833,1,0.0833,66000,10019060
2022年全年度,1517061032,澄清綜合醫院中港分院,區域醫院,2.0000,38.0000,0.0526,7,57.9211,5,0.1316,66000,10019060
2022年全年度,1517061032,澄清綜合醫院中港分院,區域醫院,2.0000,38.0000,0.0526,7,57.9211,5,0.1316,66000,10019060
2022年下半年度,1517061032,澄清綜合醫院中港分院,區域醫院,1.0000,26.0000,0.0385,7,59.6923,4,0.1538,66000,10019060
2022年下半年度,1517061032,澄清綜合醫院中港分院,區域醫院,1.0000,26.0000,0.0385,7,59.6923,4,0.1538,66000,10019060
2023年上半年度,1517061032,澄清綜合醫院中港分院,區域醫院,2.0000,22.0000,0.0909,8,58.8571,2,0.0952,66000,10019060
2023年上半年度,1517061032,澄清綜合醫院中港分院,區域醫院,2.0000,22.0000,0.0909,8,58.8571,2,0.0952,66000,10019060
2023年上半年度,1517080019,聯安醫院,地區醫院,0.0000,1.0000,0.0000,1,34.0000,0,0.0000,66000,10019080
2023年上半年度,1517080019,聯安醫院,地區醫院,0.0000,1.0000,0.0000,1,34.0000,0,0.0000,66000,10019080
2022年上半年度,1521031104,郭綜合醫院,地區醫院,0.0000,8.0000,0.0000,2,67.6250,0,0.0000,10021,10021080
2022年上半年度,1521031104,郭綜合醫院,地區醫院,0.0000,8.0000,0.0000,2,67.6250,0,0.0000,10021,10021080
2022年全年度,1521031104,郭綜合醫院,地區醫院,1.0000,14.0000,0.0714,2,66.5714,2,0.1429,10021,10021080
2022年全年度,1521031104,郭綜合醫院,地區醫院,1.0000,14.0000,0.0714,2,66.5714,2,0.1429,10021,10021080
2022年下半年度,1521031104,郭綜合醫院,地區醫院,1.0000,6.0000,0.1667,2,65.1667,2,0.3333,10021,10021080
2022年下半年度,1521031104,郭綜合醫院,地區醫院,1.0000,6.0000,0.1667,2,65.1667,2,0.3333,10021,10021080
2023年上半年度,1521031104,郭綜合醫院,地區醫院,0.0000,7.0000,0.0000,2,54.0000,0,0.0000,10021,10021080
2023年上半年度,1521031104,郭綜合醫院,地區醫院,0.0000,7.0000,0.0000,2,54.0000,0,0.0000,10021,10021080
2022年上半年度,1522011115,陽明醫院,地區醫院,0.0000,4.0000,0.0000,2,61.5000,0,0.0000,10020,10020010
2022年全年度,1522011115,陽明醫院,地區醫院,0.0000,7.0000,0.0000,3,63.5714,1,0.1429,10020,10020010
2022年下半年度,1522011115,陽明醫院,地區醫院,0.0000,3.0000,0.0000,2,66.3333,1,0.3333,10020,10020010
2023年上半年度,1522011115,陽明醫院,地區醫院,0.0000,1.0000,0.0000,1,68.0000,1,1.0000,10020,10020010
2022年上半年度,1531060180,新泰綜合醫院,地區醫院,0.0000,1.0000,0.0000,1,40.0000,0,0.0000,65000,65000050
2022年全年度,1531060180,新泰綜合醫院,地區醫院,0.0000,1.0000,0.0000,1,40.0000,0,0.0000,65000,65000050
2022年上半年度,1531061249,新泰綜合醫院,地區醫院,0.0000,2.0000,0.0000,1,68.5000,0,0.0000,65000,65000050
2022年全年度,1531061249,新泰綜合醫院,地區醫院,0.0000,4.0000,0.0000,1,59.2500,0,0.0000,65000,65000050
2022年下半年度,1531061249,新泰綜合醫院,地區醫院,0.0000,2.0000,0.0000,1,50.0000,0,0.0000,65000,65000050
2023年上半年度,1531061249,新泰綜合醫院,地區醫院,1.0000,2.0000,0.5000,1,51.5000,0,0.0000,65000,65000050
2022年上半年度,1532011154,敏盛綜合醫院,區域醫院,14.0000,26.0000,0.5385,6,59.3077,0,0.0000,68000,68000010
2022年全年度,1532011154,敏盛綜合醫院,區域醫院,29.0000,52.0000,0.5577,8,57.7500,4,0.0769,68000,68000010
2022年下半年度,1532011154,敏盛綜合醫院,區域醫院,15.0000,26.0000,0.5769,8,56.1923,4,0.1538,68000,68000010
2023年上半年度,1532011154,敏盛綜合醫院,區域醫院,36.0000,47.0000,0.7660,8,59.0213,5,0.1064,68000,68000010
2023年上半年度,1532021338,中壢長榮醫院,地區醫院,1.0000,2.0000,0.5000,2,83.5000,1,0.5000,68000,68000020
2022年上半年度,1532100049,聯新國際醫院,區域醫院,11.0000,18.0000,0.6111,4,58.4444,4,0.2222,68000,68000100
2022年全年度,1532100049,聯新國際醫院,區域醫院,24.0000,43.0000,0.5581,5,59.3023,6,0.1395,68000,68000100
2022年下半年度,1532100049,聯新國際醫院,區域醫院,13.0000,25.0000,0.5200,5,59.9200,2,0.0800,68000,68000100
2023年上半年度,1532100049,聯新國際醫院,區域醫院,18.0000,28.0000,0.6429,6,55.3077,4,0.1538,68000,68000100
2022年全年度,1532101091,陽明醫院,地區醫院,0.0000,1.0000,0.0000,1,82.0000,1,1.0000,68000,68000100
2022年下半年度,1532101091,陽明醫院,地區醫院,0.0000,1.0000,0.0000,1,82.0000,1,1.0000,68000,68000100
2023年上半年度,1532101091,陽明醫院,地區醫院,0.0000,1.0000,0.0000,1,90.0000,0,0.0000,68000,68000100
2022年上半年度,1533051072,新仁醫院,地區醫院,0.0000,1.0000,0.0000,1,50.0000,1,1.0000,10004,10004010
2022年全年度,1533051072,新仁醫院,地區醫院,0.0000,1.0000,0.0000,1,50.0000,1,1.0000,10004,10004010
2022年上半年度,1535010051,大千綜合醫院,地區醫院,1.0000,11.0000,0.0909,2,70.9000,2,0.2000,10005,10005010
2022年全年度,1535010051,大千綜合醫院,地區醫院,1.0000,15.0000,0.0667,2,67.3571,2,0.1429,10005,10005010
2022年下半年度,1535010051,大千綜合醫院,地區醫院,0.0000,4.0000,0.0000,2,58.5000,0,0.0000,10005,10005010
2023年上半年度,1535010051,大千綜合醫院,地區醫院,0.0000,10.0000,0.0000,3,64.1111,0,0.0000,10005,10005010
2023年上半年度,1536190076,賢德醫院,地區醫院,0.0000,2.0000,0.0000,1,55.0000,0,0.0000,66000,66000270
2023年上半年度,1536190076,賢德醫院,地區醫院,0.0000,2.0000,0.0000,1,55.0000,0,0.0000,66000,66000270
2022年上半年度,1542051151,霖園醫院,地區醫院,0.0000,1.0000,0.0000,1,70.0000,0,0.0000,64000,64000130
2022年上半年度,1542051151,霖園醫院,地區醫院,0.0000,1.0000,0.0000,1,70.0000,0,0.0000,64000,64000130
2022年全年度,1542051151,霖園醫院,地區醫院,0.0000,1.0000,0.0000,1,70.0000,0,0.0000,64000,64000130
2022年全年度,1542051151,霖園醫院,地區醫院,0.0000,1.0000,0.0000,1,70.0000,0,0.0000,64000,64000130
2023年上半年度,1542061148,瑞生醫院,地區醫院,0.0000,1.0000,0.0000,1,50.0000,0,0.0000,64000,64000140
2023年上半年度,1542061148,瑞生醫院,地區醫院,0.0000,1.0000,0.0000,1,50.0000,0,0.0000,64000,64000140
2022年上半年度,1543010109,國仁醫院,區域醫院,0.0000,1.0000,0.0000,1,76.0000,0,0.0000,10013,10013010
2022年全年度,1543010109,國仁醫院,區域醫院,0.0000,1.0000,0.0000,1,76.0000,0,0.0000,10013,10013010
